M03 S80

G90
G21
G1 F10000
G1  X101.2168 Y74.6147
G4 P0.10000000149011612
M05 S0
G4 P0.10000000149011612
G1 F10000.000000
G1  X100.9707 Y75.1148
G1  X100.4627 Y75.3688
G1  X99.9706 Y75.3688
G1  X99.4665 Y75.1148
G1  X99.2165 Y74.8608
G1  X98.9664 Y74.3686
G1  X98.9664 Y73.8646
G1  X99.2165 Y73.3645
G1  X99.7165 Y73.1144
G1  X100.2167 Y73.1144
G1  X100.7168 Y73.3645
G1  X100.9707 Y73.8646
G1  X102.4630 Y78.3693
G4 P0.10000000149011612
M03 S80
G4 P0.10000000149011612
G1 F10000
G1  X102.7169 Y80.3858
G4 P0.10000000149011612
M05 S0
G4 P0.10000000149011612
G1 F10000.000000
G1  X103.2170 Y80.6359
G1  X103.4710 Y80.8859
G1  X103.7171 Y81.3861
G1  X103.7171 Y81.8861
G1  X103.4710 Y82.1401
G1  X103.2170 Y82.1401
G1  X102.7169 Y81.8861
G1  X102.4669 Y81.3861
G1  X102.4669 Y80.6359
G1  X102.7169 Y80.1358
G1  X103.2170 Y79.8858
G1  X103.7171 Y79.8858
G1  X104.2172 Y80.1358
G1  X104.4712 Y80.3858
G1  X104.9633 Y81.1400
G4 P0.10000000149011612
M03 S80
G4 P0.10000000149011612
G1 F10000
G1  X100.9707 Y82.1401
G4 P0.10000000149011612
M05 S0
G4 P0.10000000149011612
G1 F10000.000000
G1  X101.2168 Y81.1400
G1  X101.4709 Y80.8859
G1  X101.9709 Y80.8859
G1  X102.4710 Y81.1400
G4 P0.10000000149011612
M03 S80
G4 P0.10000000149011612
G1 F10000
G1  X98.7204 Y81.1400
G4 P0.10000000149011612
M05 S0
G4 P0.10000000149011612
G1 F10000.000000
G1  X99.2205 Y82.1401
G1  X98.9705 Y80.8859
G1  X98.9705 Y80.1358
G1  X99.2205 Y79.8858
G1  X99.4705 Y79.8858
G1  X100.2167 Y80.1358
G1  X100.7247 Y80.6359
G1  X100.9707 Y81.3861
G1  X100.9707 Y82.1401
G4 P0.10000000149011612
M03 S80
G4 P0.10000000149011612
G1 F10000
G1  X96.7163 Y82.1401
G4 P0.10000000149011612
M05 S0
G4 P0.10000000149011612
G1 F10000.000000
G1  X96.2241 Y82.1401
G1  X95.7201 Y81.8861
G1  X95.4700 Y81.6321
G1  X95.2200 Y81.1400
G1  X95.2200 Y80.6359
G1  X95.4700 Y80.1358
G1  X95.9701 Y79.8858
G1  X96.4702 Y79.8858
G1  X96.9702 Y80.1358
G1  X97.2243 Y80.3858
G1  X97.4703 Y80.8859
G1  X97.4703 Y81.3861
G1  X97.2243 Y81.8861
G1  X96.7163 Y82.1401
G1  X96.4702 Y81.8861
G1  X96.4702 Y81.3861
G1  X96.7163 Y80.8859
G1  X97.2243 Y80.6359
G1  X97.9704 Y80.6359
G1  X98.4705 Y80.8859
G1  X98.7166 Y81.1400
G4 P0.10000000149011612
M03 S80
G4 P0.10000000149011612
G1 F10000
G1  X93.2197 Y81.1400
G4 P0.10000000149011612
M05 S0
G4 P0.10000000149011612
G1 F10000.000000
G1  X93.7198 Y81.8861
G1  X94.4699 Y83.1403
G1  X94.7160 Y83.6324
G1  X94.9700 Y84.3865
G1  X94.9700 Y84.8866
G1  X94.7160 Y85.1407
G1  X94.2238 Y84.8866
G1  X93.9698 Y84.3865
G1  X93.7198 Y83.3863
G1  X93.4698 Y81.6321
G1  X93.4698 Y80.1358
G1  X93.7198 Y79.8858
G1  X93.9698 Y79.8858
G1  X94.4699 Y80.1358
G1  X94.7160 Y80.3858
G1  X95.2240 Y81.1400
G4 P0.10000000149011612
M03 S80
G4 P0.10000000149011612
G1 F10000
G1  X96.9622 Y75.3688
G4 P0.10000000149011612
M05 S0
G4 P0.10000000149011612
G1 F10000.000000
G1  X96.4702 Y75.3688
G1  X95.9661 Y75.1148
G1  X95.7160 Y74.8608
G1  X95.4660 Y74.3686
G1  X95.4660 Y73.8646
G1  X95.7160 Y73.3645
G1  X96.2161 Y73.1144
G1  X96.7163 Y73.1144
G1  X97.2163 Y73.3645
G1  X97.4703 Y73.6146
G1  X97.7164 Y74.1146
G1  X97.7164 Y74.6147
G1  X97.4703 Y75.1148
G1  X96.9622 Y75.3688
G1  X96.7163 Y75.1148
G1  X96.7163 Y74.6147
G1  X96.9622 Y74.1146
G1  X97.4703 Y73.8646
G1  X98.2164 Y73.8646
G1  X98.7166 Y74.1146
G1  X98.9626 Y74.3686
G4 P0.10000000149011612
M03 S80
G4 P0.10000000149011612
G1 F10000
G1  X101.4629 Y75.3688
G4 P0.10000000149011612
M05 S0
G4 P0.10000000149011612
G1 F10000.000000
G1  X101.2168 Y74.1146
G1  X101.2168 Y73.3645
G1  X101.4629 Y73.1144
G1  X101.7169 Y73.1144
G1  X102.2170 Y73.3645
G1  X102.4630 Y73.6146
G1  X102.9711 Y74.3686
G4 P0.10000000149011612
M03 S80
G4 P0.10000000149011612
G1 F10000
G1  X99.4626 Y87.1572
G4 P0.10000000149011612
M05 S0
G4 P0.10000000149011612
G1 F10000.000000
G1  X99.9626 Y87.4072
G1  X100.2167 Y87.6573
G1  X100.4627 Y88.1573
G1  X100.4627 Y88.6574
G1  X100.2167 Y88.9115
G1  X99.9626 Y88.9115
G1  X99.4626 Y88.6574
G1  X99.2125 Y88.1573
G1  X99.2125 Y87.4072
G1  X99.4626 Y86.9072
G1  X99.9626 Y86.6572
G1  X100.4627 Y86.6572
G1  X100.9628 Y86.9072
G1  X101.2168 Y87.1572
G1  X101.7090 Y87.9113
G4 P0.10000000149011612
M03 S80
G4 P0.10000000149011612
G1 F10000
G1  X97.7164 Y88.9115
G4 P0.10000000149011612
M05 S0
G4 P0.10000000149011612
G1 F10000.000000
G1  X97.9625 Y87.9113
G1  X98.2164 Y87.6573
G1  X98.7166 Y87.6573
G1  X99.2167 Y87.9113
G4 P0.10000000149011612
M03 S80
G4 P0.10000000149011612
G1 F10000
G1  X95.4660 Y87.9113
G4 P0.10000000149011612
M05 S0
G4 P0.10000000149011612
G1 F10000.000000
G1  X95.9661 Y88.9115
G1  X95.7160 Y87.6573
G1  X95.7160 Y86.9072
G1  X95.9661 Y86.6572
G1  X96.2161 Y86.6572
G1  X96.9622 Y86.9072
G1  X97.4703 Y87.4072
G1  X97.7164 Y88.1573
G1  X97.7164 Y88.9115
G4 P0.10000000149011612
M03 S80
G4 P0.10000000149011612
G1 F10000
G1  X93.4618 Y88.9115
G4 P0.10000000149011612
M05 S0
G4 P0.10000000149011612
G1 F10000.000000
G1  X92.9697 Y88.9115
G1  X92.4656 Y88.6574
G1  X92.2156 Y88.4034
G1  X91.9656 Y87.9113
G1  X91.9656 Y87.4072
G1  X92.2156 Y86.9072
G1  X92.7157 Y86.6572
G1  X93.2158 Y86.6572
G1  X93.7159 Y86.9072
G1  X93.9698 Y87.1572
G1  X94.2159 Y87.6573
G1  X94.2159 Y88.1573
G1  X93.9698 Y88.6574
G1  X93.4618 Y88.9115
G1  X93.2158 Y88.6574
G1  X93.2158 Y88.1573
G1  X93.4618 Y87.6573
G1  X93.9698 Y87.4072
G1  X94.7160 Y87.4072
G1  X95.2162 Y87.6573
G1  X95.4622 Y87.9113
G4 P0.10000000149011612
M03 S80
G4 P0.10000000149011612
G1 F10000
G1  X88.4651 Y87.9113
G4 P0.10000000149011612
M05 S0
G4 P0.10000000149011612
G1 F10000.000000
G1  X88.9652 Y88.6574
G1  X89.7154 Y89.9116
G1  X89.9614 Y90.4038
G1  X90.2154 Y91.1579
G1  X90.2154 Y91.6580
G1  X89.9614 Y91.9119
G1  X89.4693 Y91.6580
G1  X89.2153 Y91.1579
G1  X88.9652 Y90.1577
G1  X88.7152 Y88.4034
G1  X88.7152 Y86.9072
G1  X88.9652 Y86.6572
G1  X89.2153 Y86.6572
G1  X89.7154 Y86.9072
G1  X90.2154 Y87.4072
G1  X90.4694 Y88.1573
G1  X90.4694 Y88.9115
G1  X90.7155 Y87.9113
G1  X90.9616 Y87.6573
G1  X91.4696 Y87.6573
G1  X91.9617 Y87.9113
G4 P0.10000000149011612
M03 S80
G4 P0.10000000149011612
G1 F10000
G1  X86.7150 Y88.1573
G4 P0.10000000149011612
M05 S0
G4 P0.10000000149011612
G1 F10000.000000
G1  X86.4689 Y88.6574
G1  X85.9609 Y88.9115
G1  X85.4688 Y88.9115
G1  X84.9647 Y88.6574
G1  X84.7147 Y88.4034
G1  X84.4646 Y87.9113
G1  X84.4646 Y87.4072
G1  X84.7147 Y86.9072
G1  X85.2148 Y86.6572
G1  X85.7149 Y86.6572
G1  X86.2149 Y86.9072
G1  X86.4689 Y87.4072
G1  X86.9611 Y88.9115
G1  X86.7150 Y87.6573
G1  X86.7150 Y86.9072
G1  X86.9611 Y86.6572
G1  X87.2151 Y86.6572
G1  X87.7152 Y86.9072
G1  X87.9612 Y87.1572
G1  X88.4693 Y87.9113
G4 P0.10000000149011612
M03 S80
G4 P0.10000000149011612
G1 F10000
G1  X89.7193 Y93.4284
G4 P0.10000000149011612
M05 S0
G4 P0.10000000149011612
G1 F10000.000000
G1  X90.2194 Y93.6785
G1  X91.2156 Y94.6826
G1  X91.9696 Y95.9288
G1  X92.2157 Y96.6830
G1  X92.4698 Y97.6831
G1  X92.4698 Y98.4293
G1  X92.2157 Y98.6833
G1  X91.9696 Y98.6833
G1  X91.7236 Y98.4293
G1  X91.4695 Y97.9292
G1  X91.4695 Y97.1751
G1  X91.7236 Y96.6830
G1  X92.2157 Y96.4290
G1  X93.2159 Y96.4290
G1  X93.9699 Y96.6830
G1  X94.2160 Y96.9291
G1  X94.4701 Y97.4291
G1  X94.4701 Y95.9288
G1  X94.2160 Y94.6826
G1  X93.9699 Y94.1786
G1  X93.4699 Y93.6785
G1  X92.7237 Y93.4284
G1  X91.7236 Y93.4284
G1  X90.9695 Y93.6785
G1  X90.4694 Y94.1786
G1  X90.2194 Y94.6826
G1  X90.2194 Y95.1748
G4 P0.10000000149011612
M03 S80
G4 P0.10000000149011612
G1 F10000
G1  X89.7193 Y100.1998
G4 P0.10000000149011612
M05 S0
G4 P0.10000000149011612
G1 F10000.000000
G1  X90.2194 Y100.4498
G1  X91.2156 Y101.4540
G1  X91.9696 Y102.7002
G1  X92.2157 Y103.4543
G1  X92.4698 Y104.4545
G1  X92.4698 Y105.2006
G1  X92.2157 Y105.4546
G1  X91.9696 Y105.4546
G1  X91.7236 Y105.2006
G1  X91.4695 Y104.7006
G1  X91.4695 Y103.9464
G1  X91.7236 Y103.4543
G1  X92.2157 Y103.2003
G1  X93.2159 Y103.2003
G1  X93.9699 Y103.4543
G1  X94.2160 Y103.7003
G1  X94.4701 Y104.2005
G1  X94.4701 Y102.7002
G1  X94.2160 Y101.4540
G1  X93.9699 Y100.9499
G1  X93.4699 Y100.4498
G1  X92.7237 Y100.1998
G1  X91.7236 Y100.1998
G1  X90.9695 Y100.4498
G1  X90.4694 Y100.9499
G1  X90.2194 Y101.4540
G1  X90.2194 Y101.9461
G4 P0.10000000149011612
M03 S80
G4 P0.10000000149011612
G1 F10000
G1  X84.4687 Y100.6999
G4 P0.10000000149011612
M05 S0
G4 P0.10000000149011612
G1 F10000.000000
G1  X84.9687 Y100.9499
G1  X85.2227 Y101.1999
G1  X85.4688 Y101.7001
G1  X85.4688 Y102.2002
G1  X85.2227 Y102.4541
G1  X84.9687 Y102.4541
G1  X84.4687 Y102.2002
G1  X84.2186 Y101.7001
G1  X84.2186 Y100.9499
G1  X84.4687 Y100.4498
G1  X84.9687 Y100.1998
G1  X85.4688 Y100.1998
G1  X85.9688 Y100.4498
G1  X86.2229 Y100.6999
G1  X86.7150 Y101.4540
G4 P0.10000000149011612
M03 S80
G4 P0.10000000149011612
G1 F10000
G1  X80.7143 Y100.9499
G4 P0.10000000149011612
M05 S0
G4 P0.10000000149011612
G1 F10000.000000
G1  X80.9683 Y101.4540
G1  X81.4604 Y102.2002
G1  X81.9684 Y102.4541
G1  X82.4606 Y102.4541
G1  X82.7146 Y102.2002
G1  X82.7146 Y101.7001
G1  X82.4606 Y100.9499
G1  X82.4606 Y100.4498
G1  X82.7146 Y100.1998
G1  X82.9687 Y100.1998
G1  X83.4608 Y100.4498
G1  X83.7148 Y100.6999
G1  X84.2149 Y101.4540
G4 P0.10000000149011612
M03 S80
G4 P0.10000000149011612
G1 F10000
G1  X78.9680 Y100.9499
G4 P0.10000000149011612
M05 S0
G4 P0.10000000149011612
G1 F10000.000000
G1  X79.2141 Y101.4540
G1  X79.7141 Y102.2002
G1  X80.2142 Y102.4541
G1  X80.7143 Y102.4541
G1  X80.9683 Y102.2002
G1  X80.9683 Y101.9461
G1  X80.7143 Y100.9499
G1  X80.4603 Y100.1998
G4 P0.10000000149011612
M03 S80
G4 P0.10000000149011612
G1 F10000
G1  X77.9638 Y101.4540
G4 P0.10000000149011612
M05 S0
G4 P0.10000000149011612
G1 F10000.000000
G1  X78.4639 Y102.2002
G1  X78.9680 Y102.4541
G1  X79.2141 Y102.2002
G1  X79.2141 Y101.9461
G1  X78.9680 Y100.9499
G1  X78.7140 Y100.1998
G4 P0.10000000149011612
M03 S80
G4 P0.10000000149011612
G1 F10000
G1  X75.9597 Y102.4541
G4 P0.10000000149011612
M05 S0
G4 P0.10000000149011612
G1 F10000.000000
G1  X75.4675 Y102.4541
G1  X74.9634 Y102.2002
G1  X74.7134 Y101.9461
G1  X74.4634 Y101.4540
G1  X74.4634 Y100.9499
G1  X74.7134 Y100.4498
G1  X75.2136 Y100.1998
G1  X75.7136 Y100.1998
G1  X76.2137 Y100.4498
G1  X76.4677 Y100.6999
G1  X76.7138 Y101.1999
G1  X76.7138 Y101.7001
G1  X76.4677 Y102.2002
G1  X75.9597 Y102.4541
G1  X75.7136 Y102.2002
G1  X75.7136 Y101.7001
G1  X75.9597 Y101.1999
G1  X76.4677 Y100.9499
G1  X77.2138 Y100.9499
G1  X77.7140 Y101.1999
G1  X77.9600 Y101.4540
G4 P0.10000000149011612
M03 S80
G4 P0.10000000149011612
G1 F10000
G1  X75.9597 Y95.6828
G4 P0.10000000149011612
M05 S0
G4 P0.10000000149011612
G1 F10000.000000
G1  X75.4675 Y95.6828
G1  X74.9634 Y95.4288
G1  X74.7134 Y95.1748
G1  X74.4634 Y94.6826
G1  X74.4634 Y94.1786
G1  X74.7134 Y93.6785
G1  X75.2136 Y93.4284
G1  X75.7136 Y93.4284
G1  X76.2137 Y93.6785
G1  X76.4677 Y93.9285
G1  X76.7138 Y94.4287
G1  X76.7138 Y94.9287
G1  X76.4677 Y95.4288
G1  X75.9597 Y95.6828
G1  X75.7136 Y95.4288
G1  X75.7136 Y94.9287
G1  X75.9597 Y94.4287
G1  X76.4677 Y94.1786
G1  X77.2138 Y94.1786
G1  X77.7140 Y94.4287
G1  X77.9600 Y94.6826
G4 P0.10000000149011612
M03 S80
G4 P0.10000000149011612
G1 F10000
G1  X77.9638 Y94.6826
G4 P0.10000000149011612
M05 S0
G4 P0.10000000149011612
G1 F10000.000000
G1  X78.4639 Y95.4288
G1  X78.9680 Y95.6828
G1  X79.2141 Y95.4288
G1  X79.2141 Y95.1748
G1  X78.9680 Y94.1786
G1  X78.7140 Y93.4284
G4 P0.10000000149011612
M03 S80
G4 P0.10000000149011612
G1 F10000
G1  X78.9680 Y94.1786
G4 P0.10000000149011612
M05 S0
G4 P0.10000000149011612
G1 F10000.000000
G1  X79.2141 Y94.6826
G1  X79.7141 Y95.4288
G1  X80.2142 Y95.6828
G1  X80.7143 Y95.6828
G1  X80.9683 Y95.4288
G1  X80.9683 Y95.1748
G1  X80.7143 Y94.1786
G1  X80.4603 Y93.4284
G4 P0.10000000149011612
M03 S80
G4 P0.10000000149011612
G1 F10000
G1  X80.7143 Y94.1786
G4 P0.10000000149011612
M05 S0
G4 P0.10000000149011612
G1 F10000.000000
G1  X80.9683 Y94.6826
G1  X81.4604 Y95.4288
G1  X81.9684 Y95.6828
G1  X82.4606 Y95.6828
G1  X82.7146 Y95.4288
G1  X82.7146 Y94.9287
G1  X82.4606 Y94.1786
G1  X82.4606 Y93.6785
G1  X82.7146 Y93.4284
G1  X82.9687 Y93.4284
G1  X83.4608 Y93.6785
G1  X83.7148 Y93.9285
G1  X84.2149 Y94.6826
G4 P0.10000000149011612
M03 S80
G4 P0.10000000149011612
G1 F10000
G1  X84.4687 Y93.9285
G4 P0.10000000149011612
M05 S0
G4 P0.10000000149011612
G1 F10000.000000
G1  X84.9687 Y94.1786
G1  X85.2227 Y94.4287
G1  X85.4688 Y94.9287
G1  X85.4688 Y95.4288
G1  X85.2227 Y95.6828
G1  X84.9687 Y95.6828
G1  X84.4687 Y95.4288
G1  X84.2186 Y94.9287
G1  X84.2186 Y94.1786
G1  X84.4687 Y93.6785
G1  X84.9687 Y93.4284
G1  X85.4688 Y93.4284
G1  X85.9688 Y93.6785
G1  X86.2229 Y93.9285
G1  X86.7150 Y94.6826
G4 P0.10000000149011612
M03 S80
G4 P0.10000000149011612
G1 F10000
G1  X96.9622 Y95.6828
G4 P0.10000000149011612
M05 S0
G4 P0.10000000149011612
G1 F10000.000000
G1  X96.4702 Y95.6828
G1  X95.9661 Y95.4288
G1  X95.7160 Y95.1748
G1  X95.4660 Y94.6826
G1  X95.4660 Y94.1786
G1  X95.7160 Y93.6785
G1  X96.2161 Y93.4284
G1  X96.7163 Y93.4284
G1  X97.2163 Y93.6785
G1  X97.4703 Y93.9285
G1  X97.7164 Y94.4287
G1  X97.7164 Y94.9287
G1  X97.4703 Y95.4288
G1  X96.9622 Y95.6828
G1  X96.7163 Y95.4288
G1  X96.7163 Y94.9287
G1  X96.9622 Y94.4287
G1  X97.4703 Y94.1786
G1  X98.2164 Y94.1786
G1  X98.7166 Y94.4287
G1  X98.9626 Y94.6826
G4 P0.10000000149011612
M03 S80
G4 P0.10000000149011612
G1 F10000
G1  X101.2168 Y94.9287
G4 P0.10000000149011612
M05 S0
G4 P0.10000000149011612
G1 F10000.000000
G1  X100.9707 Y95.4288
G1  X100.4627 Y95.6828
G1  X99.9706 Y95.6828
G1  X99.4665 Y95.4288
G1  X99.2165 Y95.1748
G1  X98.9664 Y94.6826
G1  X98.9664 Y94.1786
G1  X99.2165 Y93.6785
G1  X99.7165 Y93.4284
G1  X100.2167 Y93.4284
G1  X100.7168 Y93.6785
G1  X100.9707 Y94.1786
G1  X102.4630 Y98.6833
G4 P0.10000000149011612
M03 S80
G4 P0.10000000149011612
G1 F10000
G1  X101.4629 Y95.6828
G4 P0.10000000149011612
M05 S0
G4 P0.10000000149011612
G1 F10000.000000
G1  X101.2168 Y94.4287
G1  X101.2168 Y93.6785
G1  X101.4629 Y93.4284
G1  X101.7169 Y93.4284
G1  X102.2170 Y93.6785
G1  X102.4630 Y93.9285
G1  X102.9711 Y94.6826
G4 P0.10000000149011612
M03 S80
G4 P0.10000000149011612
G1 F10000
G1  X101.2168 Y101.7001
G4 P0.10000000149011612
M05 S0
G4 P0.10000000149011612
G1 F10000.000000
G1  X100.9707 Y102.2002
G1  X100.4627 Y102.4541
G1  X99.9706 Y102.4541
G1  X99.4665 Y102.2002
G1  X99.2165 Y101.9461
G1  X98.9664 Y101.4540
G1  X98.9664 Y100.9499
G1  X99.2165 Y100.4498
G1  X99.7165 Y100.1998
G1  X100.2167 Y100.1998
G1  X100.7168 Y100.4498
G1  X100.9707 Y100.9499
G1  X102.4630 Y105.4546
G4 P0.10000000149011612
M03 S80
G4 P0.10000000149011612
G1 F10000
G1  X102.7169 Y107.4712
G4 P0.10000000149011612
M05 S0
G4 P0.10000000149011612
G1 F10000.000000
G1  X103.2170 Y107.7213
G1  X103.4710 Y107.9713
G1  X103.7171 Y108.4714
G1  X103.7171 Y108.9714
G1  X103.4710 Y109.2255
G1  X103.2170 Y109.2255
G1  X102.7169 Y108.9714
G1  X102.4669 Y108.4714
G1  X102.4669 Y107.7213
G1  X102.7169 Y107.2212
G1  X103.2170 Y106.9712
G1  X103.7171 Y106.9712
G1  X104.2172 Y107.2212
G1  X104.4712 Y107.4712
G1  X104.9633 Y108.2253
G4 P0.10000000149011612
M03 S80
G4 P0.10000000149011612
G1 F10000
G1  X100.9707 Y109.2255
G4 P0.10000000149011612
M05 S0
G4 P0.10000000149011612
G1 F10000.000000
G1  X101.2168 Y108.2253
G1  X101.4709 Y107.9713
G1  X101.9709 Y107.9713
G1  X102.4710 Y108.2253
G4 P0.10000000149011612
M03 S80
G4 P0.10000000149011612
G1 F10000
G1  X98.7204 Y108.2253
G4 P0.10000000149011612
M05 S0
G4 P0.10000000149011612
G1 F10000.000000
G1  X99.2205 Y109.2255
G1  X98.9705 Y107.9713
G1  X98.9705 Y107.2212
G1  X99.2205 Y106.9712
G1  X99.4705 Y106.9712
G1  X100.2167 Y107.2212
G1  X100.7247 Y107.7213
G1  X100.9707 Y108.4714
G1  X100.9707 Y109.2255
G4 P0.10000000149011612
M03 S80
G4 P0.10000000149011612
G1 F10000
G1  X96.7163 Y109.2255
G4 P0.10000000149011612
M05 S0
G4 P0.10000000149011612
G1 F10000.000000
G1  X96.2241 Y109.2255
G1  X95.7201 Y108.9714
G1  X95.4700 Y108.7175
G1  X95.2200 Y108.2253
G1  X95.2200 Y107.7213
G1  X95.4700 Y107.2212
G1  X95.9701 Y106.9712
G1  X96.4702 Y106.9712
G1  X96.9702 Y107.2212
G1  X97.2243 Y107.4712
G1  X97.4703 Y107.9713
G1  X97.4703 Y108.4714
G1  X97.2243 Y108.9714
G1  X96.7163 Y109.2255
G1  X96.4702 Y108.9714
G1  X96.4702 Y108.4714
G1  X96.7163 Y107.9713
G1  X97.2243 Y107.7213
G1  X97.9704 Y107.7213
G1  X98.4705 Y107.9713
G1  X98.7166 Y108.2253
G4 P0.10000000149011612
M03 S80
G4 P0.10000000149011612
G1 F10000
G1  X93.2197 Y108.2253
G4 P0.10000000149011612
M05 S0
G4 P0.10000000149011612
G1 F10000.000000
G1  X93.7198 Y108.9714
G1  X94.4699 Y110.2256
G1  X94.7160 Y110.7178
G1  X94.9700 Y111.4718
G1  X94.9700 Y111.9720
G1  X94.7160 Y112.2260
G1  X94.2238 Y111.9720
G1  X93.9698 Y111.4718
G1  X93.7198 Y110.4717
G1  X93.4698 Y108.7175
G1  X93.4698 Y107.2212
G1  X93.7198 Y106.9712
G1  X93.9698 Y106.9712
G1  X94.4699 Y107.2212
G1  X94.7160 Y107.4712
G1  X95.2240 Y108.2253
G4 P0.10000000149011612
M03 S80
G4 P0.10000000149011612
G1 F10000
G1  X96.9622 Y102.4541
G4 P0.10000000149011612
M05 S0
G4 P0.10000000149011612
G1 F10000.000000
G1  X96.4702 Y102.4541
G1  X95.9661 Y102.2002
G1  X95.7160 Y101.9461
G1  X95.4660 Y101.4540
G1  X95.4660 Y100.9499
G1  X95.7160 Y100.4498
G1  X96.2161 Y100.1998
G1  X96.7163 Y100.1998
G1  X97.2163 Y100.4498
G1  X97.4703 Y100.6999
G1  X97.7164 Y101.1999
G1  X97.7164 Y101.7001
G1  X97.4703 Y102.2002
G1  X96.9622 Y102.4541
G1  X96.7163 Y102.2002
G1  X96.7163 Y101.7001
G1  X96.9622 Y101.1999
G1  X97.4703 Y100.9499
G1  X98.2164 Y100.9499
G1  X98.7166 Y101.1999
G1  X98.9626 Y101.4540
G4 P0.10000000149011612
M03 S80
G4 P0.10000000149011612
G1 F10000
G1  X101.4629 Y102.4541
G4 P0.10000000149011612
M05 S0
G4 P0.10000000149011612
G1 F10000.000000
G1  X101.2168 Y101.1999
G1  X101.2168 Y100.4498
G1  X101.4629 Y100.1998
G1  X101.7169 Y100.1998
G1  X102.2170 Y100.4498
G1  X102.4630 Y100.6999
G1  X102.9711 Y101.4540
G4 P0.10000000149011612
M03 S80
G4 P0.10000000149011612
G1 F10000
G1  X99.4626 Y114.2425
G4 P0.10000000149011612
M05 S0
G4 P0.10000000149011612
G1 F10000.000000
G1  X99.9626 Y114.4927
G1  X100.2167 Y114.7427
G1  X100.4627 Y115.2428
G1  X100.4627 Y115.7428
G1  X100.2167 Y115.9968
G1  X99.9626 Y115.9968
G1  X99.4626 Y115.7428
G1  X99.2125 Y115.2428
G1  X99.2125 Y114.4927
G1  X99.4626 Y113.9925
G1  X99.9626 Y113.7425
G1  X100.4627 Y113.7425
G1  X100.9628 Y113.9925
G1  X101.2168 Y114.2425
G1  X101.7090 Y114.9967
G4 P0.10000000149011612
M03 S80
G4 P0.10000000149011612
G1 F10000
G1  X97.7164 Y115.9968
G4 P0.10000000149011612
M05 S0
G4 P0.10000000149011612
G1 F10000.000000
G1  X97.9625 Y114.9967
G1  X98.2164 Y114.7427
G1  X98.7166 Y114.7427
G1  X99.2167 Y114.9967
G4 P0.10000000149011612
M03 S80
G4 P0.10000000149011612
G1 F10000
G1  X95.4660 Y114.9967
G4 P0.10000000149011612
M05 S0
G4 P0.10000000149011612
G1 F10000.000000
G1  X95.9661 Y115.9968
G1  X95.7160 Y114.7427
G1  X95.7160 Y113.9925
G1  X95.9661 Y113.7425
G1  X96.2161 Y113.7425
G1  X96.9622 Y113.9925
G1  X97.4703 Y114.4927
G1  X97.7164 Y115.2428
G1  X97.7164 Y115.9968
G4 P0.10000000149011612
M03 S80
G4 P0.10000000149011612
G1 F10000
G1  X93.4618 Y115.9968
G4 P0.10000000149011612
M05 S0
G4 P0.10000000149011612
G1 F10000.000000
G1  X92.9697 Y115.9968
G1  X92.4656 Y115.7428
G1  X92.2156 Y115.4888
G1  X91.9656 Y114.9967
G1  X91.9656 Y114.4927
G1  X92.2156 Y113.9925
G1  X92.7157 Y113.7425
G1  X93.2158 Y113.7425
G1  X93.7159 Y113.9925
G1  X93.9698 Y114.2425
G1  X94.2159 Y114.7427
G1  X94.2159 Y115.2428
G1  X93.9698 Y115.7428
G1  X93.4618 Y115.9968
G1  X93.2158 Y115.7428
G1  X93.2158 Y115.2428
G1  X93.4618 Y114.7427
G1  X93.9698 Y114.4927
G1  X94.7160 Y114.4927
G1  X95.2162 Y114.7427
G1  X95.4622 Y114.9967
G4 P0.10000000149011612
M03 S80
G4 P0.10000000149011612
G1 F10000
G1  X88.4651 Y114.9967
G4 P0.10000000149011612
M05 S0
G4 P0.10000000149011612
G1 F10000.000000
G1  X88.9652 Y115.7428
G1  X89.7154 Y116.9970
G1  X89.9614 Y117.4891
G1  X90.2154 Y118.2432
G1  X90.2154 Y118.7433
G1  X89.9614 Y118.9973
G1  X89.4693 Y118.7433
G1  X89.2153 Y118.2432
G1  X88.9652 Y117.2431
G1  X88.7152 Y115.4888
G1  X88.7152 Y113.9925
G1  X88.9652 Y113.7425
G1  X89.2153 Y113.7425
G1  X89.7154 Y113.9925
G1  X90.2154 Y114.4927
G1  X90.4694 Y115.2428
G1  X90.4694 Y115.9968
G1  X90.7155 Y114.9967
G1  X90.9616 Y114.7427
G1  X91.4696 Y114.7427
G1  X91.9617 Y114.9967
G4 P0.10000000149011612
M03 S80
G4 P0.10000000149011612
G1 F10000
G1  X86.7150 Y115.2428
G4 P0.10000000149011612
M05 S0
G4 P0.10000000149011612
G1 F10000.000000
G1  X86.4689 Y115.7428
G1  X85.9609 Y115.9968
G1  X85.4688 Y115.9968
G1  X84.9647 Y115.7428
G1  X84.7147 Y115.4888
G1  X84.4646 Y114.9967
G1  X84.4646 Y114.4927
G1  X84.7147 Y113.9925
G1  X85.2148 Y113.7425
G1  X85.7149 Y113.7425
G1  X86.2149 Y113.9925
G1  X86.4689 Y114.4927
G1  X86.9611 Y115.9968
G1  X86.7150 Y114.7427
G1  X86.7150 Y113.9925
G1  X86.9611 Y113.7425
G1  X87.2151 Y113.7425
G1  X87.7152 Y113.9925
G1  X87.9612 Y114.2425
G1  X88.4693 Y114.9967
G4 P0.10000000149011612
M03 S80
G4 P0.10000000149011612
G1 F10000
G1  X89.7193 Y120.5138
G4 P0.10000000149011612
M05 S0
G4 P0.10000000149011612
G1 F10000.000000
G1  X90.2194 Y120.7639
G1  X91.2156 Y121.7680
G1  X91.9696 Y123.0143
G1  X92.2157 Y123.7684
G1  X92.4698 Y124.7685
G1  X92.4698 Y125.5147
G1  X92.2157 Y125.7686
G1  X91.9696 Y125.7686
G1  X91.7236 Y125.5147
G1  X91.4695 Y125.0146
G1  X91.4695 Y124.2605
G1  X91.7236 Y123.7684
G1  X92.2157 Y123.5143
G1  X93.2159 Y123.5143
G1  X93.9699 Y123.7684
G1  X94.2160 Y124.0144
G1  X94.4701 Y124.5145
G1  X94.4701 Y123.0143
G1  X94.2160 Y121.7680
G1  X93.9699 Y121.2639
G1  X93.4699 Y120.7639
G1  X92.7237 Y120.5138
G1  X91.7236 Y120.5138
G1  X90.9695 Y120.7639
G1  X90.4694 Y121.2639
G1  X90.2194 Y121.7680
G1  X90.2194 Y122.2601
G4 P0.10000000149011612
M03 S80
G4 P0.10000000149011612
G1 F10000
G1  X84.4687 Y121.0139
G4 P0.10000000149011612
M05 S0
G4 P0.10000000149011612
G1 F10000.000000
G1  X84.9687 Y121.2639
G1  X85.2227 Y121.5140
G1  X85.4688 Y122.0141
G1  X85.4688 Y122.5142
G1  X85.2227 Y122.7682
G1  X84.9687 Y122.7682
G1  X84.4687 Y122.5142
G1  X84.2186 Y122.0141
G1  X84.2186 Y121.2639
G1  X84.4687 Y120.7639
G1  X84.9687 Y120.5138
G1  X85.4688 Y120.5138
G1  X85.9688 Y120.7639
G1  X86.2229 Y121.0139
G1  X86.7150 Y121.7680
G4 P0.10000000149011612
M03 S80
G4 P0.10000000149011612
G1 F10000
G1  X80.7143 Y121.2639
G4 P0.10000000149011612
M05 S0
G4 P0.10000000149011612
G1 F10000.000000
G1  X80.9683 Y121.7680
G1  X81.4604 Y122.5142
G1  X81.9684 Y122.7682
G1  X82.4606 Y122.7682
G1  X82.7146 Y122.5142
G1  X82.7146 Y122.0141
G1  X82.4606 Y121.2639
G1  X82.4606 Y120.7639
G1  X82.7146 Y120.5138
G1  X82.9687 Y120.5138
G1  X83.4608 Y120.7639
G1  X83.7148 Y121.0139
G1  X84.2149 Y121.7680
G4 P0.10000000149011612
M03 S80
G4 P0.10000000149011612
G1 F10000
G1  X78.9680 Y121.2639
G4 P0.10000000149011612
M05 S0
G4 P0.10000000149011612
G1 F10000.000000
G1  X79.2141 Y121.7680
G1  X79.7141 Y122.5142
G1  X80.2142 Y122.7682
G1  X80.7143 Y122.7682
G1  X80.9683 Y122.5142
G1  X80.9683 Y122.2601
G1  X80.7143 Y121.2639
G1  X80.4603 Y120.5138
G4 P0.10000000149011612
M03 S80
G4 P0.10000000149011612
G1 F10000
G1  X77.9638 Y121.7680
G4 P0.10000000149011612
M05 S0
G4 P0.10000000149011612
G1 F10000.000000
G1  X78.4639 Y122.5142
G1  X78.9680 Y122.7682
G1  X79.2141 Y122.5142
G1  X79.2141 Y122.2601
G1  X78.9680 Y121.2639
G1  X78.7140 Y120.5138
G4 P0.10000000149011612
M03 S80
G4 P0.10000000149011612
G1 F10000
G1  X75.9597 Y122.7682
G4 P0.10000000149011612
M05 S0
G4 P0.10000000149011612
G1 F10000.000000
G1  X75.4675 Y122.7682
G1  X74.9634 Y122.5142
G1  X74.7134 Y122.2601
G1  X74.4634 Y121.7680
G1  X74.4634 Y121.2639
G1  X74.7134 Y120.7639
G1  X75.2136 Y120.5138
G1  X75.7136 Y120.5138
G1  X76.2137 Y120.7639
G1  X76.4677 Y121.0139
G1  X76.7138 Y121.5140
G1  X76.7138 Y122.0141
G1  X76.4677 Y122.5142
G1  X75.9597 Y122.7682
G1  X75.7136 Y122.5142
G1  X75.7136 Y122.0141
G1  X75.9597 Y121.5140
G1  X76.4677 Y121.2639
G1  X77.2138 Y121.2639
G1  X77.7140 Y121.5140
G1  X77.9600 Y121.7680
G4 P0.10000000149011612
M03 S80
G4 P0.10000000149011612
G1 F10000
G1  X71.7171 Y121.7680
G4 P0.10000000149011612
M05 S0
G4 P0.10000000149011612
G1 F10000.000000
G1  X72.2171 Y122.5142
G1  X72.4672 Y123.0143
G1  X72.4672 Y122.5142
G1  X72.9672 Y121.7680
G1  X73.2133 Y121.2639
G1  X73.2133 Y120.7639
G1  X72.7211 Y120.5138
G4 P0.10000000149011612
M03 S80
G4 P0.10000000149011612
G1 F10000
G1  X71.7171 Y120.7639
G4 P0.10000000149011612
M05 S0
G4 P0.10000000149011612
G1 F10000.000000
G1  X72.2171 Y120.5138
G1  X73.2133 Y120.5138
G1  X73.7213 Y120.7639
G1  X73.9673 Y121.0139
G1  X74.4675 Y121.7680
G4 P0.10000000149011612
M03 S80
G4 P0.10000000149011612
G1 F10000
G1  X69.4668 Y121.0139
G4 P0.10000000149011612
M05 S0
G4 P0.10000000149011612
G1 F10000.000000
G1  X69.9668 Y121.2639
G1  X70.2208 Y121.5140
G1  X70.4669 Y122.0141
G1  X70.4669 Y122.5142
G1  X70.2208 Y122.7682
G1  X69.9668 Y122.7682
G1  X69.4668 Y122.5142
G1  X69.2167 Y122.0141
G1  X69.2167 Y121.2639
G1  X69.4668 Y120.7639
G1  X69.9668 Y120.5138
G1  X70.4669 Y120.5138
G1  X70.9670 Y120.7639
G1  X71.2210 Y121.0139
G1  X71.7131 Y121.7680
G4 P0.10000000149011612
M03 S80
G4 P0.10000000149011612
G1 F10000
G1  X67.7127 Y122.7682
G4 P0.10000000149011612
M05 S0
G4 P0.10000000149011612
G1 F10000.000000
G1  X67.9667 Y121.7680
G1  X68.2128 Y121.5140
G1  X68.7128 Y121.5140
G1  X69.2129 Y121.7680
G4 P0.10000000149011612
M03 S80
G4 P0.10000000149011612
G1 F10000
G1  X66.2124 Y122.7682
G4 P0.10000000149011612
M05 S0
G4 P0.10000000149011612
G1 F10000.000000
G1  X65.7124 Y121.2639
G1  X65.7124 Y120.7639
G1  X65.9663 Y120.5138
G1  X66.4585 Y120.5138
G1  X66.9666 Y120.7639
G1  X67.4587 Y121.2639
G1  X67.7127 Y122.0141
G1  X67.7127 Y122.7682
G4 P0.10000000149011612
M03 S80
G4 P0.10000000149011612
G1 F10000
G1  X64.7122 Y122.7682
G4 P0.10000000149011612
M05 S0
G4 P0.10000000149011612
G1 F10000.000000
G1  X64.2121 Y122.2601
G1  X63.9621 Y121.5140
G1  X63.9621 Y121.0139
G1  X64.2121 Y120.5138
G1  X64.7122 Y120.5138
G1  X65.2123 Y120.7639
G1  X65.7124 Y121.2639
G4 P0.10000000149011612
M03 S80
G4 P0.10000000149011612
G1 F10000
G1  X62.2119 Y122.0141
G4 P0.10000000149011612
M05 S0
G4 P0.10000000149011612
G1 F10000.000000
G1  X61.9658 Y122.5142
G1  X61.4578 Y122.7682
G1  X60.9657 Y122.7682
G1  X60.4616 Y122.5142
G1  X60.2116 Y122.2601
G1  X59.9616 Y121.7680
G1  X59.9616 Y121.2639
G1  X60.2116 Y120.7639
G1  X60.7118 Y120.5138
G1  X61.2118 Y120.5138
G1  X61.7119 Y120.7639
G1  X61.9658 Y121.2639
G1  X62.4580 Y122.7682
G1  X62.2119 Y121.5140
G1  X62.2119 Y120.7639
G1  X62.4580 Y120.5138
G1  X62.7120 Y120.5138
G1  X63.2122 Y120.7639
G1  X63.4582 Y121.0139
G1  X63.9662 Y121.7680
G4 P0.10000000149011612
M03 S80
G4 P0.10000000149011612
G1 F10000
G1  X64.4662 Y114.2425
G4 P0.10000000149011612
M05 S0
G4 P0.10000000149011612
G1 F10000.000000
G1  X64.9662 Y114.4927
G1  X65.2202 Y114.7427
G1  X65.4663 Y115.2428
G1  X65.4663 Y115.7428
G1  X65.2202 Y115.9968
G1  X64.9662 Y115.9968
G1  X64.4662 Y115.7428
G1  X64.2161 Y115.2428
G1  X64.2161 Y114.4927
G1  X64.4662 Y113.9925
G1  X64.9662 Y113.7425
G1  X65.4663 Y113.7425
G1  X65.9663 Y113.9925
G1  X66.2204 Y114.2425
G1  X66.7125 Y114.9967
G4 P0.10000000149011612
M03 S80
G4 P0.10000000149011612
G1 F10000
G1  X68.9667 Y115.2428
G4 P0.10000000149011612
M05 S0
G4 P0.10000000149011612
G1 F10000.000000
G1  X68.7207 Y115.7428
G1  X68.2127 Y115.9968
G1  X67.7205 Y115.9968
G1  X67.2165 Y115.7428
G1  X66.9665 Y115.4888
G1  X66.7164 Y114.9967
G1  X66.7164 Y114.4927
G1  X66.9665 Y113.9925
G1  X67.4665 Y113.7425
G1  X67.9666 Y113.7425
G1  X68.4667 Y113.9925
G1  X68.7207 Y114.4927
G1  X69.2128 Y115.9968
G1  X68.9667 Y114.7427
G1  X68.9667 Y113.9925
G1  X69.2128 Y113.7425
G1  X69.4669 Y113.7425
G1  X69.9669 Y113.9925
G1  X70.2130 Y114.2425
G1  X70.7211 Y114.9967
G4 P0.10000000149011612
M03 S80
G4 P0.10000000149011612
G1 F10000
G1  X70.7169 Y114.9967
G4 P0.10000000149011612
M05 S0
G4 P0.10000000149011612
G1 F10000.000000
G1  X71.2170 Y115.9968
G1  X70.9670 Y114.7427
G1  X70.9670 Y113.9925
G1  X71.2170 Y113.7425
G1  X71.4670 Y113.7425
G1  X72.2132 Y113.9925
G1  X72.7212 Y114.4927
G1  X72.9672 Y115.2428
G1  X72.9672 Y115.9968
G4 P0.10000000149011612
M03 S80
G4 P0.10000000149011612
G1 F10000
G1  X72.9672 Y115.9968
G4 P0.10000000149011612
M05 S0
G4 P0.10000000149011612
G1 F10000.000000
G1  X73.2133 Y114.9967
G1  X73.4674 Y114.7427
G1  X73.9674 Y114.7427
G1  X74.4675 Y114.9967
G4 P0.10000000149011612
M03 S80
G4 P0.10000000149011612
G1 F10000
G1  X74.7134 Y114.2425
G4 P0.10000000149011612
M05 S0
G4 P0.10000000149011612
G1 F10000.000000
G1  X75.2136 Y114.4927
G1  X75.4675 Y114.7427
G1  X75.7136 Y115.2428
G1  X75.7136 Y115.7428
G1  X75.4675 Y115.9968
G1  X75.2136 Y115.9968
G1  X74.7134 Y115.7428
G1  X74.4634 Y115.2428
G1  X74.4634 Y114.4927
G1  X74.7134 Y113.9925
G1  X75.2136 Y113.7425
G1  X75.7136 Y113.7425
G1  X76.2137 Y113.9925
G1  X76.4677 Y114.2425
G1  X76.9598 Y114.9967
G4 P0.10000000149011612
M03 S80
G4 P0.10000000149011612
G1 F10000
G1  X76.9637 Y114.9967
G4 P0.10000000149011612
M05 S0
G4 P0.10000000149011612
G1 F10000.000000
G1  X77.4638 Y115.7428
G1  X77.9678 Y115.9968
G1  X78.2139 Y115.7428
G1  X78.2139 Y115.4888
G1  X77.9678 Y114.4927
G1  X77.7139 Y113.7425
G4 P0.10000000149011612
M03 S80
G4 P0.10000000149011612
G1 F10000
G1  X77.9678 Y114.4927
G4 P0.10000000149011612
M05 S0
G4 P0.10000000149011612
G1 F10000.000000
G1  X78.2139 Y114.9967
G1  X78.7140 Y115.7428
G1  X79.2141 Y115.9968
G1  X79.7141 Y115.9968
G1  X79.9682 Y115.7428
G1  X79.9682 Y115.2428
G1  X79.7141 Y114.4927
G1  X79.7141 Y113.9925
G1  X79.9682 Y113.7425
G1  X80.2143 Y113.7425
G1  X80.7143 Y113.9925
G1  X80.9683 Y114.2425
G1  X81.4605 Y114.9967
G4 P0.10000000149011612
M03 S80
G4 P0.10000000149011612
G1 F10000
G1  X79.9681 Y108.4714
G4 P0.10000000149011612
M05 S0
G4 P0.10000000149011612
G1 F10000.000000
G1  X79.7221 Y108.9714
G1  X79.2141 Y109.2255
G1  X78.7219 Y109.2255
G1  X78.2179 Y108.9714
G1  X77.9678 Y108.7175
G1  X77.7178 Y108.2253
G1  X77.7178 Y107.7213
G1  X77.9678 Y107.2212
G1  X78.4679 Y106.9712
G1  X78.9680 Y106.9712
G1  X79.4680 Y107.2212
G1  X79.7221 Y107.7213
G1  X80.2142 Y109.2255
G1  X79.9681 Y107.9713
G1  X79.9681 Y107.2212
G1  X80.2142 Y106.9712
G1  X80.4683 Y106.9712
G1  X80.9683 Y107.2212
G1  X81.2144 Y107.4712
G1  X81.7224 Y108.2253
G4 P0.10000000149011612
M03 S80
G4 P0.10000000149011612
G1 F10000
G1  X81.7183 Y108.2253
G4 P0.10000000149011612
M05 S0
G4 P0.10000000149011612
G1 F10000.000000
G1  X82.2184 Y108.9714
G1  X82.7224 Y109.2255
G1  X82.9685 Y108.9714
G1  X82.9685 Y108.7175
G1  X82.7224 Y107.7213
G1  X82.4684 Y106.9712
G4 P0.10000000149011612
M03 S80
G4 P0.10000000149011612
G1 F10000
G1  X82.7224 Y107.7213
G4 P0.10000000149011612
M05 S0
G4 P0.10000000149011612
G1 F10000.000000
G1  X82.9685 Y108.2253
G1  X83.4685 Y108.9714
G1  X83.9686 Y109.2255
G1  X84.4688 Y109.2255
G1  X84.7227 Y108.9714
G1  X84.7227 Y108.4714
G1  X84.4688 Y107.7213
G1  X84.4688 Y107.2212
G1  X84.7227 Y106.9712
G1  X84.9688 Y106.9712
G1  X85.4689 Y107.2212
G1  X85.7229 Y107.4712
G1  X86.2150 Y108.2253
G4 P0.10000000149011612
M03 S80
G4 P0.10000000149011612
G1 F10000
G1  X88.4692 Y108.4714
G4 P0.10000000149011612
M05 S0
G4 P0.10000000149011612
G1 F10000.000000
G1  X88.2232 Y108.9714
G1  X87.7151 Y109.2255
G1  X87.2229 Y109.2255
G1  X86.7189 Y108.9714
G1  X86.4689 Y108.7175
G1  X86.2189 Y108.2253
G1  X86.2189 Y107.7213
G1  X86.4689 Y107.2212
G1  X86.9690 Y106.9712
G1  X87.4690 Y106.9712
G1  X87.9691 Y107.2212
G1  X88.2232 Y107.7213
G1  X89.7155 Y112.2260
G4 P0.10000000149011612
M03 S80
G4 P0.10000000149011612
G1 F10000
G1  X88.7152 Y109.2255
G4 P0.10000000149011612
M05 S0
G4 P0.10000000149011612
G1 F10000.000000
G1  X88.4692 Y107.9713
G1  X88.4692 Y107.2212
G1  X88.7152 Y106.9712
G1  X88.9693 Y106.9712
G1  X89.4694 Y107.2212
G1  X89.7155 Y107.4712
G1  X90.2235 Y108.2253
G4 P0.10000000149011612
M03 S80
G4 P0.10000000149011612
G1 F10000
G1  X96.9622 Y122.7682
G4 P0.10000000149011612
M05 S0
G4 P0.10000000149011612
G1 F10000.000000
G1  X96.4702 Y122.7682
G1  X95.9661 Y122.5142
G1  X95.7160 Y122.2601
G1  X95.4660 Y121.7680
G1  X95.4660 Y121.2639
G1  X95.7160 Y120.7639
G1  X96.2161 Y120.5138
G1  X96.7163 Y120.5138
G1  X97.2163 Y120.7639
G1  X97.4703 Y121.0139
G1  X97.7164 Y121.5140
G1  X97.7164 Y122.0141
G1  X97.4703 Y122.5142
G1  X96.9622 Y122.7682
G1  X96.7163 Y122.5142
G1  X96.7163 Y122.0141
G1  X96.9622 Y121.5140
G1  X97.4703 Y121.2639
G1  X98.2164 Y121.2639
G1  X98.7166 Y121.5140
G1  X98.9626 Y121.7680
G4 P0.10000000149011612
M03 S80
G4 P0.10000000149011612
G1 F10000
G1  X101.2168 Y122.0141
G4 P0.10000000149011612
M05 S0
G4 P0.10000000149011612
G1 F10000.000000
G1  X100.9707 Y122.5142
G1  X100.4627 Y122.7682
G1  X99.9706 Y122.7682
G1  X99.4665 Y122.5142
G1  X99.2165 Y122.2601
G1  X98.9664 Y121.7680
G1  X98.9664 Y121.2639
G1  X99.2165 Y120.7639
G1  X99.7165 Y120.5138
G1  X100.2167 Y120.5138
G1  X100.7168 Y120.7639
G1  X100.9707 Y121.2639
G1  X102.4630 Y125.7686
G4 P0.10000000149011612
M03 S80
G4 P0.10000000149011612
G1 F10000
G1  X101.4629 Y122.7682
G4 P0.10000000149011612
M05 S0
G4 P0.10000000149011612
G1 F10000.000000
G1  X101.2168 Y121.5140
G1  X101.2168 Y120.7639
G1  X101.4629 Y120.5138
G1  X101.7169 Y120.5138
G1  X102.2170 Y120.7639
G1  X102.4630 Y121.0139
G1  X102.9711 Y121.7680
G4 P0.10000000149011612
M03 S80
G4 P0.10000000149011612
G1 F10000
G1  X71.4630 Y108.2253
G4 P0.10000000149011612
M05 S0
G4 P0.10000000149011612
G1 F10000.000000
G1  X71.9631 Y108.9714
G1  X72.2132 Y109.4716
G1  X72.2132 Y108.9714
G1  X72.9593 Y108.9714
G1  X73.2133 Y108.7175
G1  X73.2133 Y108.2253
G1  X72.9593 Y107.4712
G1  X72.9593 Y107.2212
G1  X73.2133 Y106.9712
G1  X73.4673 Y106.9712
G1  X73.9595 Y107.2212
G1  X74.2134 Y107.4712
G1  X74.7136 Y108.2253
G4 P0.10000000149011612
M03 S80
G4 P0.10000000149011612
G1 F10000
G1  X69.2127 Y107.4712
G4 P0.10000000149011612
M05 S0
G4 P0.10000000149011612
G1 F10000.000000
G1  X69.7129 Y107.7213
G1  X69.9668 Y107.9713
G1  X70.2129 Y108.4714
G1  X70.2129 Y108.9714
G1  X69.9668 Y109.2255
G1  X69.7129 Y109.2255
G1  X69.2127 Y108.9714
G1  X68.9627 Y108.4714
G1  X68.9627 Y107.7213
G1  X69.2127 Y107.2212
G1  X69.7129 Y106.9712
G1  X70.2129 Y106.9712
G1  X70.7130 Y107.2212
G1  X70.9670 Y107.4712
G1  X71.4592 Y108.2253
G4 P0.10000000149011612
M03 S80
G4 P0.10000000149011612
G1 F10000
G1  X67.4587 Y109.2255
G4 P0.10000000149011612
M05 S0
G4 P0.10000000149011612
G1 F10000.000000
G1  X67.7127 Y108.2253
G1  X67.9588 Y107.9713
G1  X68.4589 Y107.9713
G1  X68.9589 Y108.2253
G4 P0.10000000149011612
M03 S80
G4 P0.10000000149011612
G1 F10000
G1  X65.9585 Y109.2255
G4 P0.10000000149011612
M05 S0
G4 P0.10000000149011612
G1 F10000.000000
G1  X65.4584 Y107.7213
G1  X65.4584 Y107.2212
G1  X65.7124 Y106.9712
G1  X66.2046 Y106.9712
G1  X66.7125 Y107.2212
G1  X67.2047 Y107.7213
G1  X67.4587 Y108.4714
G1  X67.4587 Y109.2255
G4 P0.10000000149011612
M03 S80
G4 P0.10000000149011612
G1 F10000
G1  X64.4582 Y109.2255
G4 P0.10000000149011612
M05 S0
G4 P0.10000000149011612
G1 F10000.000000
G1  X63.9581 Y108.7175
G1  X63.7081 Y107.9713
G1  X63.7081 Y107.4712
G1  X63.9581 Y106.9712
G1  X64.4582 Y106.9712
G1  X64.9582 Y107.2212
G1  X65.4584 Y107.7213
G4 P0.10000000149011612
M03 S80
G4 P0.10000000149011612
G1 F10000
G1  X61.7039 Y109.2255
G4 P0.10000000149011612
M05 S0
G4 P0.10000000149011612
G1 F10000.000000
G1  X61.2118 Y109.2255
G1  X60.7077 Y108.9714
G1  X60.4577 Y108.7175
G1  X60.2077 Y108.2253
G1  X60.2077 Y107.7213
G1  X60.4577 Y107.2212
G1  X60.9578 Y106.9712
G1  X61.4578 Y106.9712
G1  X61.9580 Y107.2212
G1  X62.2119 Y107.4712
G1  X62.4580 Y107.9713
G1  X62.4580 Y108.4714
G1  X62.2119 Y108.9714
G1  X61.7039 Y109.2255
G1  X61.4578 Y108.9714
G1  X61.4578 Y108.4714
G1  X61.7039 Y107.9713
G1  X62.2119 Y107.7213
G1  X62.9581 Y107.7213
G1  X63.4582 Y107.9713
G1  X63.7043 Y108.2253
G4 P0.10000000149011612
M03 S80
G4 P0.10000000149011612
G1 F10000
G1  X64.7122 Y102.4541
G4 P0.10000000149011612
M05 S0
G4 P0.10000000149011612
G1 F10000.000000
G1  X64.2121 Y101.9461
G1  X63.9621 Y101.1999
G1  X63.9621 Y100.6999
G1  X64.2121 Y100.1998
G1  X64.7122 Y100.1998
G1  X65.2123 Y100.4498
G1  X65.7124 Y100.9499
G4 P0.10000000149011612
M03 S80
G4 P0.10000000149011612
G1 F10000
G1  X66.2124 Y102.4541
G4 P0.10000000149011612
M05 S0
G4 P0.10000000149011612
G1 F10000.000000
G1  X65.7124 Y100.9499
G1  X65.7124 Y100.4498
G1  X65.9663 Y100.1998
G1  X66.4585 Y100.1998
G1  X66.9666 Y100.4498
G1  X67.4587 Y100.9499
G1  X67.7127 Y101.7001
G1  X67.7127 Y102.4541
G4 P0.10000000149011612
M03 S80
G4 P0.10000000149011612
G1 F10000
G1  X67.7127 Y102.4541
G4 P0.10000000149011612
M05 S0
G4 P0.10000000149011612
G1 F10000.000000
G1  X67.9667 Y101.4540
G1  X68.2128 Y101.1999
G1  X68.7128 Y101.1999
G1  X69.2129 Y101.4540
G4 P0.10000000149011612
M03 S80
G4 P0.10000000149011612
G1 F10000
G1  X69.4668 Y100.6999
G4 P0.10000000149011612
M05 S0
G4 P0.10000000149011612
G1 F10000.000000
G1  X69.9668 Y100.9499
G1  X70.2208 Y101.1999
G1  X70.4669 Y101.7001
G1  X70.4669 Y102.2002
G1  X70.2208 Y102.4541
G1  X69.9668 Y102.4541
G1  X69.4668 Y102.2002
G1  X69.2167 Y101.7001
G1  X69.2167 Y100.9499
G1  X69.4668 Y100.4498
G1  X69.9668 Y100.1998
G1  X70.4669 Y100.1998
G1  X70.9670 Y100.4498
G1  X71.2210 Y100.6999
G1  X71.7131 Y101.4540
G4 P0.10000000149011612
M03 S80
G4 P0.10000000149011612
G1 F10000
G1  X71.7171 Y101.4540
G4 P0.10000000149011612
M05 S0
G4 P0.10000000149011612
G1 F10000.000000
G1  X72.2171 Y102.2002
G1  X72.4672 Y102.7002
G1  X72.4672 Y102.2002
G1  X72.9672 Y101.4540
G1  X73.2133 Y100.9499
G1  X73.2133 Y100.4498
G1  X72.7211 Y100.1998
G4 P0.10000000149011612
M03 S80
G4 P0.10000000149011612
G1 F10000
G1  X71.7171 Y100.4498
G4 P0.10000000149011612
M05 S0
G4 P0.10000000149011612
G1 F10000.000000
G1  X72.2171 Y100.1998
G1  X73.2133 Y100.1998
G1  X73.7213 Y100.4498
G1  X73.9673 Y100.6999
G1  X74.4675 Y101.4540
G4 P0.10000000149011612
M03 S80
G4 P0.10000000149011612
G1 F10000
G1  X71.7171 Y94.6826
G4 P0.10000000149011612
M05 S0
G4 P0.10000000149011612
G1 F10000.000000
G1  X72.2171 Y95.4288
G1  X72.4672 Y95.9288
G1  X72.4672 Y95.4288
G1  X72.9672 Y94.6826
G1  X73.2133 Y94.1786
G1  X73.2133 Y93.6785
G1  X72.7211 Y93.4284
G4 P0.10000000149011612
M03 S80
G4 P0.10000000149011612
G1 F10000
G1  X71.7171 Y93.6785
G4 P0.10000000149011612
M05 S0
G4 P0.10000000149011612
G1 F10000.000000
G1  X72.2171 Y93.4284
G1  X73.2133 Y93.4284
G1  X73.7213 Y93.6785
G1  X73.9673 Y93.9285
G1  X74.4675 Y94.6826
G4 P0.10000000149011612
M03 S80
G4 P0.10000000149011612
G1 F10000
G1  X69.4668 Y93.9285
G4 P0.10000000149011612
M05 S0
G4 P0.10000000149011612
G1 F10000.000000
G1  X69.9668 Y94.1786
G1  X70.2208 Y94.4287
G1  X70.4669 Y94.9287
G1  X70.4669 Y95.4288
G1  X70.2208 Y95.6828
G1  X69.9668 Y95.6828
G1  X69.4668 Y95.4288
G1  X69.2167 Y94.9287
G1  X69.2167 Y94.1786
G1  X69.4668 Y93.6785
G1  X69.9668 Y93.4284
G1  X70.4669 Y93.4284
G1  X70.9670 Y93.6785
G1  X71.2210 Y93.9285
G1  X71.7131 Y94.6826
G4 P0.10000000149011612
M03 S80
G4 P0.10000000149011612
G1 F10000
G1  X67.7127 Y95.6828
G4 P0.10000000149011612
M05 S0
G4 P0.10000000149011612
G1 F10000.000000
G1  X67.9667 Y94.6826
G1  X68.2128 Y94.4287
G1  X68.7128 Y94.4287
G1  X69.2129 Y94.6826
G4 P0.10000000149011612
M03 S80
G4 P0.10000000149011612
G1 F10000
G1  X66.2124 Y95.6828
G4 P0.10000000149011612
M05 S0
G4 P0.10000000149011612
G1 F10000.000000
G1  X65.7124 Y94.1786
G1  X65.7124 Y93.6785
G1  X65.9663 Y93.4284
G1  X66.4585 Y93.4284
G1  X66.9666 Y93.6785
G1  X67.4587 Y94.1786
G1  X67.7127 Y94.9287
G1  X67.7127 Y95.6828
G4 P0.10000000149011612
M03 S80
G4 P0.10000000149011612
G1 F10000
G1  X64.7122 Y95.6828
G4 P0.10000000149011612
M05 S0
G4 P0.10000000149011612
G1 F10000.000000
G1  X64.2121 Y95.1748
G1  X63.9621 Y94.4287
G1  X63.9621 Y93.9285
G1  X64.2121 Y93.4284
G1  X64.7122 Y93.4284
G1  X65.2123 Y93.6785
G1  X65.7124 Y94.1786
G4 P0.10000000149011612
M03 S80
G4 P0.10000000149011612
G1 F10000
G1  X62.2119 Y94.9287
G4 P0.10000000149011612
M05 S0
G4 P0.10000000149011612
G1 F10000.000000
G1  X61.9658 Y95.4288
G1  X61.4578 Y95.6828
G1  X60.9657 Y95.6828
G1  X60.4616 Y95.4288
G1  X60.2116 Y95.1748
G1  X59.9616 Y94.6826
G1  X59.9616 Y94.1786
G1  X60.2116 Y93.6785
G1  X60.7118 Y93.4284
G1  X61.2118 Y93.4284
G1  X61.7119 Y93.6785
G1  X61.9658 Y94.1786
G1  X62.4580 Y95.6828
G1  X62.2119 Y94.4287
G1  X62.2119 Y93.6785
G1  X62.4580 Y93.4284
G1  X62.7120 Y93.4284
G1  X63.2122 Y93.6785
G1  X63.4582 Y93.9285
G1  X63.9662 Y94.6826
G4 P0.10000000149011612
M03 S80
G4 P0.10000000149011612
G1 F10000
G1  X62.2119 Y101.7001
G4 P0.10000000149011612
M05 S0
G4 P0.10000000149011612
G1 F10000.000000
G1  X61.9658 Y102.2002
G1  X61.4578 Y102.4541
G1  X60.9657 Y102.4541
G1  X60.4616 Y102.2002
G1  X60.2116 Y101.9461
G1  X59.9616 Y101.4540
G1  X59.9616 Y100.9499
G1  X60.2116 Y100.4498
G1  X60.7118 Y100.1998
G1  X61.2118 Y100.1998
G1  X61.7119 Y100.4498
G1  X61.9658 Y100.9499
G1  X62.4580 Y102.4541
G1  X62.2119 Y101.1999
G1  X62.2119 Y100.4498
G1  X62.4580 Y100.1998
G1  X62.7120 Y100.1998
G1  X63.2122 Y100.4498
G1  X63.4582 Y100.6999
G1  X63.9662 Y101.4540
G4 P0.10000000149011612
M03 S80
G4 P0.10000000149011612
G1 F10000
G1  X56.9612 Y107.2212
G4 P0.10000000149011612
M05 S0
G4 P0.10000000149011612
G1 F10000.000000
G1  X57.4653 Y106.9712
G1  X58.2114 Y106.9712
G1  X58.9576 Y107.2212
G1  X59.4656 Y107.4712
G1  X60.2118 Y108.2253
G4 P0.10000000149011612
M03 S80
G4 P0.10000000149011612
G1 F10000
G1  X56.9612 Y108.4714
G4 P0.10000000149011612
M05 S0
G4 P0.10000000149011612
G1 F10000.000000
G1  X57.2113 Y108.9714
G1  X57.7114 Y109.2255
G1  X58.2114 Y109.2255
G1  X58.7115 Y108.9714
G1  X58.9576 Y108.4714
G1  X58.9576 Y107.9713
G1  X58.7115 Y107.4712
G1  X58.4654 Y107.2212
G1  X57.9575 Y106.9712
G4 P0.10000000149011612
M03 S80
G4 P0.10000000149011612
G1 F10000
G1  X56.4611 Y108.2253
G4 P0.10000000149011612
M05 S0
G4 P0.10000000149011612
G1 F10000.000000
G1  X56.9612 Y108.9714
G1  X57.2113 Y109.4716
G1  X56.9612 Y108.4714
G1  X55.4610 Y103.9706
G4 P0.10000000149011612
M03 S80
G4 P0.10000000149011612
G1 F10000
G1  X53.4648 Y100.9499
G4 P0.10000000149011612
M05 S0
G4 P0.10000000149011612
G1 F10000.000000
G1  X53.7109 Y101.4540
G1  X54.2109 Y102.2002
G1  X54.7110 Y102.4541
G1  X55.2111 Y102.4541
G1  X55.4651 Y102.2002
G1  X55.4651 Y101.7001
G1  X55.2111 Y100.9499
G1  X55.2111 Y100.4498
G1  X55.4651 Y100.1998
G1  X55.7112 Y100.1998
G1  X56.2113 Y100.4498
G1  X56.4652 Y100.6999
G1  X56.9574 Y101.4540
G4 P0.10000000149011612
M03 S80
G4 P0.10000000149011612
G1 F10000
G1  X52.4606 Y101.4540
G4 P0.10000000149011612
M05 S0
G4 P0.10000000149011612
G1 F10000.000000
G1  X52.9607 Y102.2002
G1  X53.4648 Y102.4541
G1  X53.7109 Y102.2002
G1  X53.7109 Y101.9461
G1  X53.4648 Y100.9499
G1  X53.2108 Y100.1998
G4 P0.10000000149011612
M03 S80
G4 P0.10000000149011612
G1 F10000
G1  X50.7105 Y101.7001
G4 P0.10000000149011612
M05 S0
G4 P0.10000000149011612
G1 F10000.000000
G1  X50.4644 Y102.2002
G1  X49.9565 Y102.4541
G1  X49.4643 Y102.4541
G1  X48.9602 Y102.2002
G1  X48.7102 Y101.9461
G1  X48.4601 Y101.4540
G1  X48.4601 Y100.9499
G1  X48.7102 Y100.4498
G1  X49.2103 Y100.1998
G1  X49.7104 Y100.1998
G1  X50.2104 Y100.4498
G1  X50.4644 Y100.9499
G1  X50.9566 Y102.4541
G1  X50.7105 Y101.1999
G1  X50.7105 Y100.4498
G1  X50.9566 Y100.1998
G1  X51.2106 Y100.1998
G1  X51.7107 Y100.4498
G1  X51.9567 Y100.6999
G1  X52.4648 Y101.4540
G4 P0.10000000149011612
M03 S80
G4 P0.10000000149011612
G1 F10000
G1  X51.4645 Y106.9712
G4 P0.10000000149011612
M05 S0
G4 P0.10000000149011612
G1 F10000.000000
G1  X51.2145 Y107.2212
G1  X51.4645 Y107.4712
G1  X51.7185 Y107.2212
G1  X51.7185 Y106.9712
G1  X51.4645 Y106.4710
G1  X50.9645 Y105.9710
G4 P0.10000000149011612
M03 S80
G4 P0.10000000149011612
G1 F10000
G1  X47.2101 Y107.7213
G4 P0.10000000149011612
M05 S0
G4 P0.10000000149011612
G1 F10000.000000
G1  X47.4641 Y108.2253
G1  X47.9562 Y108.9714
G1  X48.4642 Y109.2255
G1  X48.9564 Y109.2255
G1  X49.2104 Y108.9714
G1  X49.2104 Y108.4714
G1  X48.9564 Y107.7213
G1  X48.9564 Y107.2212
G1  X49.2104 Y106.9712
G1  X49.4645 Y106.9712
G1  X49.9566 Y107.2212
G1  X50.2106 Y107.4712
G1  X50.7107 Y108.2253
G4 P0.10000000149011612
M03 S80
G4 P0.10000000149011612
G1 F10000
G1  X45.4638 Y107.7213
G4 P0.10000000149011612
M05 S0
G4 P0.10000000149011612
G1 F10000.000000
G1  X45.7099 Y108.2253
G1  X46.2099 Y108.9714
G1  X46.7100 Y109.2255
G1  X47.2101 Y109.2255
G1  X47.4641 Y108.9714
G1  X47.4641 Y108.7175
G1  X47.2101 Y107.7213
G1  X46.9561 Y106.9712
G4 P0.10000000149011612
M03 S80
G4 P0.10000000149011612
G1 F10000
G1  X44.4596 Y108.2253
G4 P0.10000000149011612
M05 S0
G4 P0.10000000149011612
G1 F10000.000000
G1  X44.9597 Y108.9714
G1  X45.4638 Y109.2255
G1  X45.7099 Y108.9714
G1  X45.7099 Y108.7175
G1  X45.4638 Y107.7213
G1  X45.2098 Y106.9712
G4 P0.10000000149011612
M03 S80
G4 P0.10000000149011612
G1 F10000
G1  X42.4555 Y109.2255
G4 P0.10000000149011612
M05 S0
G4 P0.10000000149011612
G1 F10000.000000
G1  X41.9633 Y109.2255
G1  X41.4592 Y108.9714
G1  X41.2092 Y108.7175
G1  X40.9592 Y108.2253
G1  X40.9592 Y107.7213
G1  X41.2092 Y107.2212
G1  X41.7094 Y106.9712
G1  X42.2094 Y106.9712
G1  X42.7095 Y107.2212
G1  X42.9635 Y107.4712
G1  X43.2096 Y107.9713
G1  X43.2096 Y108.4714
G1  X42.9635 Y108.9714
G1  X42.4555 Y109.2255
G1  X42.2094 Y108.9714
G1  X42.2094 Y108.4714
G1  X42.4555 Y107.9713
G1  X42.9635 Y107.7213
G1  X43.7096 Y107.7213
G1  X44.2098 Y107.9713
G1  X44.4558 Y108.2253
G4 P0.10000000149011612
M03 S80
G4 P0.10000000149011612
G1 F10000
G1  X39.4552 Y109.2255
G4 P0.10000000149011612
M05 S0
G4 P0.10000000149011612
G1 F10000.000000
G1  X39.2091 Y107.9713
G1  X39.2091 Y107.2212
G1  X39.4552 Y106.9712
G1  X39.7091 Y106.9712
G1  X40.2093 Y107.2212
G1  X40.4553 Y107.4712
G1  X40.9633 Y108.2253
G4 P0.10000000149011612
M03 S80
G4 P0.10000000149011612
G1 F10000
G1  X39.2091 Y108.4714
G4 P0.10000000149011612
M05 S0
G4 P0.10000000149011612
G1 F10000.000000
G1  X38.9630 Y108.9714
G1  X38.4550 Y109.2255
G1  X37.9628 Y109.2255
G1  X37.4588 Y108.9714
G1  X37.2087 Y108.7175
G1  X36.9587 Y108.2253
G1  X36.9587 Y107.7213
G1  X37.2087 Y107.2212
G1  X37.7089 Y106.9712
G1  X38.2089 Y106.9712
G1  X38.7090 Y107.2212
G1  X38.9630 Y107.7213
G1  X40.4553 Y112.2260
G4 P0.10000000149011612
M03 S80
G4 P0.10000000149011612
G1 F10000
G1  X42.4594 Y114.9967
G4 P0.10000000149011612
M05 S0
G4 P0.10000000149011612
G1 F10000.000000
G1  X43.4635 Y116.2429
G1  X43.9557 Y116.9970
G1  X44.2097 Y117.4891
G1  X44.4637 Y118.2432
G1  X44.4637 Y118.7433
G1  X44.2097 Y118.9973
G1  X43.7096 Y118.7433
G1  X43.4635 Y118.2432
G1  X42.9594 Y116.2429
G1  X42.2093 Y113.9925
G1  X41.4592 Y112.2423
G1  X41.2092 Y111.4882
G1  X41.2092 Y110.9960
G1  X41.4592 Y110.7420
G1  X41.9593 Y110.9960
G1  X42.2093 Y111.7421
G1  X42.4594 Y113.9925
G1  X42.7094 Y113.7425
G1  X43.2096 Y113.7425
G1  X43.7096 Y113.9925
G1  X43.9557 Y114.2425
G1  X44.4637 Y114.9967
G4 P0.10000000149011612
M03 S80
G4 P0.10000000149011612
G1 F10000
G1  X44.4596 Y114.9967
G4 P0.10000000149011612
M05 S0
G4 P0.10000000149011612
G1 F10000.000000
G1  X44.9597 Y115.7428
G1  X45.2098 Y116.2429
G1  X45.2098 Y115.7428
G1  X45.9560 Y115.7428
G1  X46.2099 Y115.4888
G1  X46.2099 Y114.9967
G1  X45.9560 Y114.2425
G1  X45.9560 Y113.9925
G1  X46.2099 Y113.7425
G1  X46.4639 Y113.7425
G1  X46.9561 Y113.9925
G1  X47.2101 Y114.2425
G1  X47.7102 Y114.9967
G4 P0.10000000149011612
M03 S80
G4 P0.10000000149011612
G1 F10000
G1  X49.2103 Y115.9968
G4 P0.10000000149011612
M05 S0
G4 P0.10000000149011612
G1 F10000.000000
G1  X48.7181 Y115.9968
G1  X48.2141 Y115.7428
G1  X47.9641 Y115.4888
G1  X47.7141 Y114.9967
G1  X47.7141 Y114.4927
G1  X47.9641 Y113.9925
G1  X48.4642 Y113.7425
G1  X48.9642 Y113.7425
G1  X49.4643 Y113.9925
G1  X49.7183 Y114.2425
G1  X49.9643 Y114.7427
G1  X49.9643 Y115.2428
G1  X49.7183 Y115.7428
G1  X49.2103 Y115.9968
G1  X48.9642 Y115.7428
G1  X48.9642 Y115.2428
G1  X49.2103 Y114.7427
G1  X49.7183 Y114.4927
G1  X50.4645 Y114.4927
G1  X50.9646 Y114.7427
G1  X51.2107 Y114.9967
G4 P0.10000000149011612
M03 S80
G4 P0.10000000149011612
G1 F10000
G1  X51.2145 Y114.9967
G4 P0.10000000149011612
M05 S0
G4 P0.10000000149011612
G1 F10000.000000
G1  X51.7146 Y115.7428
G1  X52.2186 Y115.9968
G1  X52.4647 Y115.7428
G1  X52.4647 Y115.4888
G1  X52.2186 Y114.4927
G1  X51.9646 Y113.7425
G4 P0.10000000149011612
M03 S80
G4 P0.10000000149011612
G1 F10000
G1  X52.2186 Y114.4927
G4 P0.10000000149011612
M05 S0
G4 P0.10000000149011612
G1 F10000.000000
G1  X52.4647 Y114.9967
G1  X52.9647 Y115.7428
G1  X53.4648 Y115.9968
G1  X53.9649 Y115.9968
G1  X54.2189 Y115.7428
G1  X54.2189 Y115.4888
G1  X53.9649 Y114.4927
G1  X53.7109 Y113.7425
G4 P0.10000000149011612
M03 S80
G4 P0.10000000149011612
G1 F10000
G1  X53.9649 Y114.4927
G4 P0.10000000149011612
M05 S0
G4 P0.10000000149011612
G1 F10000.000000
G1  X54.2189 Y114.9967
G1  X54.7111 Y115.7428
G1  X55.2191 Y115.9968
G1  X55.7112 Y115.9968
G1  X55.9653 Y115.7428
G1  X55.9653 Y115.2428
G1  X55.7112 Y114.4927
G1  X55.7112 Y113.9925
G1  X55.9653 Y113.7425
G1  X56.2192 Y113.7425
G1  X56.7114 Y113.9925
G1  X56.9654 Y114.2425
G1  X57.4655 Y114.9967
G4 P0.10000000149011612
M03 S80
G4 P0.10000000149011612
G1 F10000
G1  X60.4696 Y114.9967
G4 P0.10000000149011612
M05 S0
G4 P0.10000000149011612
G1 F10000.000000
G1  X60.9697 Y115.7428
G1  X61.7198 Y116.9970
G1  X61.9658 Y117.4891
G1  X62.2199 Y118.2432
G1  X62.2199 Y118.7433
G1  X61.9658 Y118.9973
G1  X61.4738 Y118.7433
G1  X61.2197 Y118.2432
G1  X60.9697 Y117.2431
G1  X60.7196 Y115.7428
G1  X60.4696 Y113.7425
G4 P0.10000000149011612
M03 S80
G4 P0.10000000149011612
G1 F10000
G1  X60.4696 Y113.7425
G4 P0.10000000149011612
M05 S0
G4 P0.10000000149011612
G1 F10000.000000
G1  X60.7196 Y114.4927
G1  X60.9697 Y114.9967
G1  X61.4738 Y115.7428
G1  X61.9658 Y115.9968
G1  X62.4739 Y115.9968
G1  X62.7200 Y115.7428
G1  X62.7200 Y115.2428
G1  X62.4739 Y114.4927
G1  X62.4739 Y113.9925
G1  X62.7200 Y113.7425
G1  X62.9661 Y113.7425
G1  X63.4740 Y113.9925
G1  X63.7201 Y114.2425
G1  X64.2202 Y114.9967
G4 P0.10000000149011612
M03 S80
G4 P0.10000000149011612
G1 F10000
G1  X53.4648 Y121.2639
G4 P0.10000000149011612
M05 S0
G4 P0.10000000149011612
G1 F10000.000000
G1  X53.7109 Y121.7680
G1  X54.2109 Y122.5142
G1  X54.7110 Y122.7682
G1  X55.2111 Y122.7682
G1  X55.4651 Y122.5142
G1  X55.4651 Y122.0141
G1  X55.2111 Y121.2639
G1  X55.2111 Y120.7639
G1  X55.4651 Y120.5138
G1  X55.7112 Y120.5138
G1  X56.2113 Y120.7639
G1  X56.4652 Y121.0139
G1  X56.9574 Y121.7680
G4 P0.10000000149011612
M03 S80
G4 P0.10000000149011612
G1 F10000
G1  X52.4606 Y121.7680
G4 P0.10000000149011612
M05 S0
G4 P0.10000000149011612
G1 F10000.000000
G1  X52.9607 Y122.5142
G1  X53.4648 Y122.7682
G1  X53.7109 Y122.5142
G1  X53.7109 Y122.2601
G1  X53.4648 Y121.2639
G1  X53.2108 Y120.5138
G4 P0.10000000149011612
M03 S80
G4 P0.10000000149011612
G1 F10000
G1  X50.7105 Y122.0141
G4 P0.10000000149011612
M05 S0
G4 P0.10000000149011612
G1 F10000.000000
G1  X50.4644 Y122.5142
G1  X49.9565 Y122.7682
G1  X49.4643 Y122.7682
G1  X48.9602 Y122.5142
G1  X48.7102 Y122.2601
G1  X48.4601 Y121.7680
G1  X48.4601 Y121.2639
G1  X48.7102 Y120.7639
G1  X49.2103 Y120.5138
G1  X49.7104 Y120.5138
G1  X50.2104 Y120.7639
G1  X50.4644 Y121.2639
G1  X50.9566 Y122.7682
G1  X50.7105 Y121.5140
G1  X50.7105 Y120.7639
G1  X50.9566 Y120.5138
G1  X51.2106 Y120.5138
G1  X51.7107 Y120.7639
G1  X51.9567 Y121.0139
G1  X52.4648 Y121.7680
G4 P0.10000000149011612
M03 S80
G4 P0.10000000149011612
G1 F10000
G1  X42.7134 Y121.7680
G4 P0.10000000149011612
M05 S0
G4 P0.10000000149011612
G1 F10000.000000
G1  X43.2135 Y122.5142
G1  X43.4635 Y123.0143
G1  X43.4635 Y122.5142
G1  X43.9636 Y121.7680
G1  X44.2097 Y121.2639
G1  X44.2097 Y120.7639
G1  X43.7175 Y120.5138
G4 P0.10000000149011612
M03 S80
G4 P0.10000000149011612
G1 F10000
G1  X42.7134 Y120.7639
G4 P0.10000000149011612
M05 S0
G4 P0.10000000149011612
G1 F10000.000000
G1  X43.2135 Y120.5138
G1  X44.2097 Y120.5138
G1  X44.7177 Y120.7639
G1  X44.9637 Y121.0139
G1  X45.4639 Y121.7680
G4 P0.10000000149011612
M03 S80
G4 P0.10000000149011612
G1 F10000
G1  X41.7172 Y124.0144
G4 P0.10000000149011612
M05 S0
G4 P0.10000000149011612
G1 F10000.000000
G1  X41.7172 Y123.7684
G1  X41.9713 Y123.7684
G1  X41.9713 Y124.0144
G1  X41.7172 Y124.0144
G4 P0.10000000149011612
M03 S80
G4 P0.10000000149011612
G1 F10000
G1  X40.9672 Y121.7680
G4 P0.10000000149011612
M05 S0
G4 P0.10000000149011612
G1 F10000.000000
G1  X41.4672 Y122.7682
G1  X40.9672 Y121.2639
G1  X40.9672 Y120.7639
G1  X41.2172 Y120.5138
G1  X41.4672 Y120.5138
G1  X41.9713 Y120.7639
G1  X42.2173 Y121.0139
G1  X42.7175 Y121.7680
G4 P0.10000000149011612
M03 S80
G4 P0.10000000149011612
G1 F10000
G1  X36.4627 Y122.7682
G4 P0.10000000149011612
M05 S0
G4 P0.10000000149011612
G1 F10000.000000
G1  X36.2167 Y121.5140
G1  X36.2167 Y120.7639
G1  X36.4627 Y120.5138
G1  X36.7167 Y120.5138
G1  X37.2168 Y120.7639
G1  X37.4629 Y121.0139
G1  X37.9709 Y121.7680
G4 P0.10000000149011612
M03 S80
G4 P0.10000000149011612
G1 F10000
G1  X36.2167 Y122.0141
G4 P0.10000000149011612
M05 S0
G4 P0.10000000149011612
G1 F10000.000000
G1  X35.9706 Y122.5142
G1  X35.4625 Y122.7682
G1  X34.9704 Y122.7682
G1  X34.4663 Y122.5142
G1  X34.2163 Y122.2601
G1  X33.9663 Y121.7680
G1  X33.9663 Y121.2639
G1  X34.2163 Y120.7639
G1  X34.7164 Y120.5138
G1  X35.2164 Y120.5138
G1  X35.7166 Y120.7639
G1  X35.9706 Y121.2639
G1  X37.4629 Y125.7686
G4 P0.10000000149011612
M03 S80
G4 P0.10000000149011612
G1 F10000
G1  X35.7086 Y125.5388
G4 P0.10000000149011612
M05 S0
G4 P0.10000000149011612
G1 F10000.000000
G1  X37.4549 Y125.5388
G4 P0.10000000149011612
M03 S80
G4 P0.10000000149011612
G1 F10000
G1  X32.2121 Y127.5352
G4 P0.10000000149011612
M05 S0
G4 P0.10000000149011612
G1 F10000.000000
G1  X32.7122 Y127.2852
G1  X33.7084 Y127.2852
G1  X34.2164 Y127.5352
G1  X34.4625 Y127.7853
G1  X34.9626 Y128.5393
G4 P0.10000000149011612
M03 S80
G4 P0.10000000149011612
G1 F10000
G1  X32.2121 Y128.5393
G4 P0.10000000149011612
M05 S0
G4 P0.10000000149011612
G1 F10000.000000
G1  X32.7122 Y129.2855
G1  X32.9622 Y129.7856
G1  X32.9622 Y129.2855
G1  X33.4623 Y128.5393
G1  X33.7084 Y128.0353
G1  X33.7084 Y127.5352
G1  X33.2162 Y127.2852
G4 P0.10000000149011612
M03 S80
G4 P0.10000000149011612
G1 F10000
G1  X30.9621 Y129.5395
G4 P0.10000000149011612
M05 S0
G4 P0.10000000149011612
G1 F10000.000000
G1  X30.4699 Y128.0353
G1  X30.4699 Y127.5352
G1  X30.7160 Y127.2852
G1  X30.9621 Y127.2852
G1  X31.4700 Y127.5352
G1  X31.7161 Y127.7853
G1  X32.2162 Y128.5393
G4 P0.10000000149011612
M03 S80
G4 P0.10000000149011612
G1 F10000
G1  X28.4656 Y128.5393
G4 P0.10000000149011612
M05 S0
G4 P0.10000000149011612
G1 F10000.000000
G1  X28.9657 Y129.5395
G1  X28.4656 Y128.0353
G1  X28.4656 Y127.5352
G1  X28.7156 Y127.2852
G1  X29.2157 Y127.2852
G1  X29.7157 Y127.5352
G1  X30.2159 Y128.0353
G1  X30.7160 Y128.7854
G4 P0.10000000149011612
M03 S80
G4 P0.10000000149011612
G1 F10000
G1  X25.2112 Y128.5393
G4 P0.10000000149011612
M05 S0
G4 P0.10000000149011612
G1 F10000.000000
G1  X25.7113 Y129.2855
G1  X25.9613 Y129.7856
G1  X25.9613 Y129.2855
G1  X26.7075 Y129.2855
G1  X26.9615 Y129.0315
G1  X26.9615 Y128.5393
G1  X26.7075 Y127.7853
G1  X26.7075 Y127.5352
G1  X26.9615 Y127.2852
G1  X27.2155 Y127.2852
G1  X27.7076 Y127.5352
G1  X27.9617 Y127.7853
G1  X28.4618 Y128.5393
G4 P0.10000000149011612
M03 S80
G4 P0.10000000149011612
G1 F10000
G1  X23.2071 Y129.5395
G4 P0.10000000149011612
M05 S0
G4 P0.10000000149011612
G1 F10000.000000
G1  X22.7149 Y129.5395
G1  X22.2109 Y129.2855
G1  X21.9608 Y129.0315
G1  X21.7108 Y128.5393
G1  X21.7108 Y128.0353
G1  X21.9608 Y127.5352
G1  X22.4609 Y127.2852
G1  X22.9610 Y127.2852
G1  X23.4610 Y127.5352
G1  X23.7151 Y127.7853
G1  X23.9612 Y128.2853
G1  X23.9612 Y128.7854
G1  X23.7151 Y129.2855
G1  X23.2071 Y129.5395
G1  X22.9610 Y129.2855
G1  X22.9610 Y128.7854
G1  X23.2071 Y128.2853
G1  X23.7151 Y128.0353
G1  X24.4612 Y128.0353
G1  X24.9613 Y128.2853
G1  X25.2074 Y128.5393
G4 P0.10000000149011612
M03 S80
G4 P0.10000000149011612
G1 F10000
G1  X17.9643 Y128.5393
G4 P0.10000000149011612
M05 S0
G4 P0.10000000149011612
G1 F10000.000000
G1  X18.4643 Y129.2855
G1  X19.2144 Y130.5397
G1  X19.4605 Y131.0318
G1  X19.7146 Y131.7859
G1  X19.7146 Y132.2860
G1  X19.4605 Y132.5400
G1  X18.9684 Y132.2860
G1  X18.7144 Y131.7859
G1  X18.4643 Y130.7857
G1  X18.2143 Y129.2855
G1  X17.9643 Y127.2852
G4 P0.10000000149011612
M03 S80
G4 P0.10000000149011612
G1 F10000
G1  X17.9643 Y127.2852
G4 P0.10000000149011612
M05 S0
G4 P0.10000000149011612
G1 F10000.000000
G1  X18.2143 Y128.0353
G1  X18.4643 Y128.5393
G1  X18.9684 Y129.2855
G1  X19.4605 Y129.5395
G1  X19.9686 Y129.5395
G1  X20.2147 Y129.2855
G1  X20.2147 Y128.7854
G1  X19.9686 Y128.0353
G1  X19.9686 Y127.5352
G1  X20.2147 Y127.2852
G1  X20.4608 Y127.2852
G1  X20.9688 Y127.5352
G1  X21.2148 Y127.7853
G1  X21.7148 Y128.5393
G4 P0.10000000149011612
M03 S80
G4 P0.10000000149011612
G1 F10000
G1  X15.9682 Y131.0318
G4 P0.10000000149011612
M05 S0
G4 P0.10000000149011612
G1 F10000.000000
G1  X15.9682 Y130.7857
G1  X16.2142 Y130.5397
G1  X16.7142 Y130.5397
G1  X17.2144 Y130.7857
G1  X17.4604 Y131.2858
G1  X17.4604 Y131.7859
G1  X17.2144 Y132.2860
G1  X16.7142 Y132.5400
G1  X15.9682 Y132.5400
G1  X15.2140 Y132.2860
G1  X14.7140 Y131.7859
G1  X14.2138 Y131.0318
G1  X13.9678 Y130.5397
G1  X13.7138 Y129.5395
G1  X13.7138 Y128.5393
G1  X13.9678 Y127.7853
G1  X14.2138 Y127.5352
G1  X14.7140 Y127.2852
G1  X15.2140 Y127.2852
G1  X15.9682 Y127.5352
G1  X16.4603 Y128.0353
G1  X16.7142 Y128.5393
G4 P0.10000000149011612
M03 S80
G4 P0.10000000149011612
G1 F10000
G1  X12.4677 Y125.7686
G4 P0.10000000149011612
M05 S0
G4 P0.10000000149011612
G1 F10000.000000
G1  X11.7136 Y125.5147
G1  X11.2135 Y125.0146
G1  X10.7134 Y124.2605
G1  X10.4674 Y123.7684
G1  X10.2133 Y122.7682
G1  X10.2133 Y121.7680
G1  X10.4674 Y121.0139
G1  X10.7134 Y120.7639
G1  X11.2135 Y120.5138
G1  X11.7136 Y120.5138
G1  X12.4677 Y120.7639
G1  X12.9598 Y121.2639
G1  X13.4678 Y122.0141
G1  X13.7139 Y122.5142
G1  X13.9599 Y123.5143
G1  X13.9599 Y124.5145
G1  X13.7139 Y125.2607
G1  X13.4678 Y125.5147
G1  X12.9598 Y125.7686
G1  X12.4677 Y125.7686
G1  X11.9597 Y125.2607
G1  X11.9597 Y124.5145
G1  X12.2137 Y123.7684
G1  X12.7137 Y123.0143
G1  X13.2138 Y122.5142
G1  X13.9599 Y122.0141
G1  X14.4680 Y121.7680
G4 P0.10000000149011612
M03 S80
G4 P0.10000000149011612
G1 F10000
G1  X14.7178 Y121.7680
G4 P0.10000000149011612
M05 S0
G4 P0.10000000149011612
G1 F10000.000000
G1  X15.2179 Y122.7682
G1  X14.7178 Y121.2639
G1  X14.7178 Y120.7639
G1  X14.9678 Y120.5138
G1  X15.4680 Y120.5138
G1  X15.9681 Y120.7639
G1  X16.4681 Y121.2639
G1  X16.9682 Y122.0141
G4 P0.10000000149011612
M03 S80
G4 P0.10000000149011612
G1 F10000
G1  X17.2143 Y122.7682
G4 P0.10000000149011612
M05 S0
G4 P0.10000000149011612
G1 F10000.000000
G1  X16.7221 Y121.2639
G1  X16.7221 Y120.7639
G1  X16.9682 Y120.5138
G1  X17.2143 Y120.5138
G1  X17.7223 Y120.7639
G1  X17.9684 Y121.0139
G1  X18.4685 Y121.7680
G4 P0.10000000149011612
M03 S80
G4 P0.10000000149011612
G1 F10000
G1  X18.4643 Y121.7680
G4 P0.10000000149011612
M05 S0
G4 P0.10000000149011612
G1 F10000.000000
G1  X18.9644 Y122.5142
G1  X19.2144 Y123.0143
G1  X19.2144 Y122.5142
G1  X19.9606 Y122.5142
G1  X20.2147 Y122.2601
G1  X20.2147 Y121.7680
G1  X19.9606 Y121.0139
G1  X19.9606 Y120.7639
G1  X20.2147 Y120.5138
G1  X20.4686 Y120.5138
G1  X20.9608 Y120.7639
G1  X21.2148 Y121.0139
G1  X21.7148 Y121.7680
G4 P0.10000000149011612
M03 S80
G4 P0.10000000149011612
G1 F10000
G1  X24.7191 Y120.5138
G4 P0.10000000149011612
M05 S0
G4 P0.10000000149011612
G1 F10000.000000
G1  X25.2191 Y120.7639
G1  X26.2154 Y121.7680
G1  X26.9694 Y123.0143
G1  X27.2155 Y123.7684
G1  X27.4695 Y124.7685
G1  X27.4695 Y125.5147
G1  X27.2155 Y125.7686
G1  X26.9694 Y125.7686
G1  X26.7233 Y125.5147
G1  X26.4694 Y125.0146
G1  X26.4694 Y124.2605
G1  X26.7233 Y123.7684
G1  X27.2155 Y123.5143
G1  X28.2157 Y123.5143
G1  X28.9698 Y123.7684
G1  X29.2159 Y124.0144
G1  X29.4698 Y124.5145
G1  X29.4698 Y123.0143
G1  X29.2159 Y121.7680
G1  X28.9698 Y121.2639
G1  X28.4697 Y120.7639
G1  X27.7236 Y120.5138
G1  X26.7233 Y120.5138
G1  X25.9693 Y120.7639
G1  X25.4693 Y121.2639
G1  X25.2191 Y121.7680
G1  X25.2191 Y122.2601
G4 P0.10000000149011612
M03 S80
G4 P0.10000000149011612
G1 F10000
G1  X27.4695 Y117.2431
G4 P0.10000000149011612
M05 S0
G4 P0.10000000149011612
G1 F10000.000000
G1  X27.4695 Y116.9970
G1  X27.7235 Y116.9970
G1  X27.7235 Y117.2431
G1  X27.4695 Y117.2431
G4 P0.10000000149011612
M03 S80
G4 P0.10000000149011612
G1 F10000
G1  X26.7193 Y114.9967
G4 P0.10000000149011612
M05 S0
G4 P0.10000000149011612
G1 F10000.000000
G1  X27.2194 Y115.9968
G1  X26.7193 Y114.4927
G1  X26.7193 Y113.9925
G1  X26.9693 Y113.7425
G1  X27.2194 Y113.7425
G1  X27.7235 Y113.9925
G1  X27.9696 Y114.2425
G1  X28.4696 Y114.9967
G4 P0.10000000149011612
M03 S80
G4 P0.10000000149011612
G1 F10000
G1  X30.7160 Y115.2428
G4 P0.10000000149011612
M05 S0
G4 P0.10000000149011612
G1 F10000.000000
G1  X30.4699 Y115.7428
G1  X29.9618 Y115.9968
G1  X29.4698 Y115.9968
G1  X28.9657 Y115.7428
G1  X28.7156 Y115.4888
G1  X28.4656 Y114.9967
G1  X28.4656 Y114.4927
G1  X28.7156 Y113.9925
G1  X29.2157 Y113.7425
G1  X29.7157 Y113.7425
G1  X30.2159 Y113.9925
G1  X30.4699 Y114.2425
G4 P0.10000000149011612
M03 S80
G4 P0.10000000149011612
G1 F10000
G1  X30.9621 Y115.9968
G4 P0.10000000149011612
M05 S0
G4 P0.10000000149011612
G1 F10000.000000
G1  X30.4699 Y114.2425
G1  X29.4698 Y111.4882
G1  X29.2157 Y110.9960
G1  X28.7156 Y110.7420
G1  X28.4656 Y110.9960
G1  X28.4656 Y111.4882
G1  X28.7156 Y112.2423
G1  X29.4698 Y112.9924
G1  X30.2159 Y113.4924
G1  X30.7160 Y113.7425
G1  X31.4700 Y114.2425
G1  X32.2162 Y114.9967
G4 P0.10000000149011612
M03 S80
G4 P0.10000000149011612
G1 F10000
G1  X32.2121 Y114.9967
G4 P0.10000000149011612
M05 S0
G4 P0.10000000149011612
G1 F10000.000000
G1  X32.7122 Y115.7428
G1  X33.2162 Y115.9968
G1  X33.4623 Y115.7428
G1  X33.4623 Y115.4888
G1  X33.2162 Y114.4927
G1  X32.9622 Y113.7425
G4 P0.10000000149011612
M03 S80
G4 P0.10000000149011612
G1 F10000
G1  X33.2162 Y114.4927
G4 P0.10000000149011612
M05 S0
G4 P0.10000000149011612
G1 F10000.000000
G1  X33.4623 Y114.9967
G1  X33.9623 Y115.7428
G1  X34.4625 Y115.9968
G1  X34.9626 Y115.9968
G1  X35.2165 Y115.7428
G1  X35.2165 Y115.2428
G1  X34.9626 Y114.4927
G1  X34.9626 Y113.9925
G1  X35.2165 Y113.7425
G1  X35.4626 Y113.7425
G1  X35.9627 Y113.9925
G1  X36.2167 Y114.2425
G1  X36.7088 Y114.9967
G4 P0.10000000149011612
M03 S80
G4 P0.10000000149011612
G1 F10000
G1  X36.7127 Y114.9967
G4 P0.10000000149011612
M05 S0
G4 P0.10000000149011612
G1 F10000.000000
G1  X37.2127 Y115.7428
G1  X37.4628 Y116.2429
G1  X37.4628 Y115.7428
G1  X37.9628 Y114.9967
G1  X38.2089 Y114.4927
G1  X38.2089 Y113.9925
G1  X37.7168 Y113.7425
G4 P0.10000000149011612
M03 S80
G4 P0.10000000149011612
G1 F10000
G1  X36.7127 Y113.9925
G4 P0.10000000149011612
M05 S0
G4 P0.10000000149011612
G1 F10000.000000
G1  X37.2127 Y113.7425
G1  X38.2089 Y113.7425
G1  X38.7170 Y113.9925
G1  X38.9630 Y114.2425
G1  X39.4631 Y114.9967
G4 P0.10000000149011612
M03 S80
G4 P0.10000000149011612
G1 F10000
G1  X33.2162 Y110.4717
G4 P0.10000000149011612
M05 S0
G4 P0.10000000149011612
G1 F10000.000000
G1  X33.2162 Y110.2256
G1  X33.4703 Y110.2256
G1  X33.4703 Y110.4717
G1  X33.2162 Y110.4717
G4 P0.10000000149011612
M03 S80
G4 P0.10000000149011612
G1 F10000
G1  X32.4661 Y108.2253
G4 P0.10000000149011612
M05 S0
G4 P0.10000000149011612
G1 F10000.000000
G1  X32.9662 Y109.2255
G1  X32.4661 Y107.7213
G1  X32.4661 Y107.2212
G1  X32.7161 Y106.9712
G1  X32.9662 Y106.9712
G1  X33.4703 Y107.2212
G1  X33.7163 Y107.4712
G1  X34.2164 Y108.2253
G4 P0.10000000149011612
M03 S80
G4 P0.10000000149011612
G1 F10000
G1  X34.2124 Y108.2253
G4 P0.10000000149011612
M05 S0
G4 P0.10000000149011612
G1 F10000.000000
G1  X34.7124 Y108.9714
G1  X34.9625 Y109.4716
G1  X34.9625 Y108.9714
G1  X35.4625 Y108.2253
G1  X35.7086 Y107.7213
G1  X35.7086 Y107.2212
G1  X35.2164 Y106.9712
G4 P0.10000000149011612
M03 S80
G4 P0.10000000149011612
G1 F10000
G1  X34.2124 Y107.2212
G4 P0.10000000149011612
M05 S0
G4 P0.10000000149011612
G1 F10000.000000
G1  X34.7124 Y106.9712
G1  X35.7086 Y106.9712
G1  X36.2167 Y107.2212
G1  X36.4627 Y107.4712
G1  X36.9628 Y108.2253
G4 P0.10000000149011612
M03 S80
G4 P0.10000000149011612
G1 F10000
G1  X36.4627 Y102.4541
G4 P0.10000000149011612
M05 S0
G4 P0.10000000149011612
G1 F10000.000000
G1  X36.2167 Y101.1999
G1  X36.2167 Y100.4498
G1  X36.4627 Y100.1998
G1  X36.7167 Y100.1998
G1  X37.2168 Y100.4498
G1  X37.4629 Y100.6999
G1  X37.9709 Y101.4540
G4 P0.10000000149011612
M03 S80
G4 P0.10000000149011612
G1 F10000
G1  X36.2167 Y101.7001
G4 P0.10000000149011612
M05 S0
G4 P0.10000000149011612
G1 F10000.000000
G1  X35.9706 Y102.2002
G1  X35.4625 Y102.4541
G1  X34.9704 Y102.4541
G1  X34.4663 Y102.2002
G1  X34.2163 Y101.9461
G1  X33.9663 Y101.4540
G1  X33.9663 Y100.9499
G1  X34.2163 Y100.4498
G1  X34.7164 Y100.1998
G1  X35.2164 Y100.1998
G1  X35.7166 Y100.4498
G1  X35.9706 Y100.9499
G1  X37.4629 Y105.4546
G4 P0.10000000149011612
M03 S80
G4 P0.10000000149011612
G1 F10000
G1  X41.7172 Y103.7003
G4 P0.10000000149011612
M05 S0
G4 P0.10000000149011612
G1 F10000.000000
G1  X41.7172 Y103.4543
G1  X41.9713 Y103.4543
G1  X41.9713 Y103.7003
G1  X41.7172 Y103.7003
G4 P0.10000000149011612
M03 S80
G4 P0.10000000149011612
G1 F10000
G1  X40.9672 Y101.4540
G4 P0.10000000149011612
M05 S0
G4 P0.10000000149011612
G1 F10000.000000
G1  X41.4672 Y102.4541
G1  X40.9672 Y100.9499
G1  X40.9672 Y100.4498
G1  X41.2172 Y100.1998
G1  X41.4672 Y100.1998
G1  X41.9713 Y100.4498
G1  X42.2173 Y100.6999
G1  X42.7175 Y101.4540
G4 P0.10000000149011612
M03 S80
G4 P0.10000000149011612
G1 F10000
G1  X42.7134 Y101.4540
G4 P0.10000000149011612
M05 S0
G4 P0.10000000149011612
G1 F10000.000000
G1  X43.2135 Y102.2002
G1  X43.4635 Y102.7002
G1  X43.4635 Y102.2002
G1  X43.9636 Y101.4540
G1  X44.2097 Y100.9499
G1  X44.2097 Y100.4498
G1  X43.7175 Y100.1998
G4 P0.10000000149011612
M03 S80
G4 P0.10000000149011612
G1 F10000
G1  X42.7134 Y100.4498
G4 P0.10000000149011612
M05 S0
G4 P0.10000000149011612
G1 F10000.000000
G1  X43.2135 Y100.1998
G1  X44.2097 Y100.1998
G1  X44.7177 Y100.4498
G1  X44.9637 Y100.6999
G1  X45.4639 Y101.4540
G4 P0.10000000149011612
M03 S80
G4 P0.10000000149011612
G1 F10000
G1  X41.7172 Y96.9291
G4 P0.10000000149011612
M05 S0
G4 P0.10000000149011612
G1 F10000.000000
G1  X41.7172 Y96.6830
G1  X41.9713 Y96.6830
G1  X41.9713 Y96.9291
G1  X41.7172 Y96.9291
G4 P0.10000000149011612
M03 S80
G4 P0.10000000149011612
G1 F10000
G1  X40.9672 Y94.6826
G4 P0.10000000149011612
M05 S0
G4 P0.10000000149011612
G1 F10000.000000
G1  X41.4672 Y95.6828
G1  X40.9672 Y94.1786
G1  X40.9672 Y93.6785
G1  X41.2172 Y93.4284
G1  X41.4672 Y93.4284
G1  X41.9713 Y93.6785
G1  X42.2173 Y93.9285
G1  X42.7175 Y94.6826
G4 P0.10000000149011612
M03 S80
G4 P0.10000000149011612
G1 F10000
G1  X42.7134 Y94.6826
G4 P0.10000000149011612
M05 S0
G4 P0.10000000149011612
G1 F10000.000000
G1  X43.2135 Y95.4288
G1  X43.4635 Y95.9288
G1  X43.4635 Y95.4288
G1  X43.9636 Y94.6826
G1  X44.2097 Y94.1786
G1  X44.2097 Y93.6785
G1  X43.7175 Y93.4284
G4 P0.10000000149011612
M03 S80
G4 P0.10000000149011612
G1 F10000
G1  X42.7134 Y93.6785
G4 P0.10000000149011612
M05 S0
G4 P0.10000000149011612
G1 F10000.000000
G1  X43.2135 Y93.4284
G1  X44.2097 Y93.4284
G1  X44.7177 Y93.6785
G1  X44.9637 Y93.9285
G1  X45.4639 Y94.6826
G4 P0.10000000149011612
M03 S80
G4 P0.10000000149011612
G1 F10000
G1  X50.7105 Y94.9287
G4 P0.10000000149011612
M05 S0
G4 P0.10000000149011612
G1 F10000.000000
G1  X50.4644 Y95.4288
G1  X49.9565 Y95.6828
G1  X49.4643 Y95.6828
G1  X48.9602 Y95.4288
G1  X48.7102 Y95.1748
G1  X48.4601 Y94.6826
G1  X48.4601 Y94.1786
G1  X48.7102 Y93.6785
G1  X49.2103 Y93.4284
G1  X49.7104 Y93.4284
G1  X50.2104 Y93.6785
G1  X50.4644 Y94.1786
G1  X50.9566 Y95.6828
G1  X50.7105 Y94.4287
G1  X50.7105 Y93.6785
G1  X50.9566 Y93.4284
G1  X51.2106 Y93.4284
G1  X51.7107 Y93.6785
G1  X51.9567 Y93.9285
G1  X52.4648 Y94.6826
G4 P0.10000000149011612
M03 S80
G4 P0.10000000149011612
G1 F10000
G1  X52.4606 Y94.6826
G4 P0.10000000149011612
M05 S0
G4 P0.10000000149011612
G1 F10000.000000
G1  X52.9607 Y95.4288
G1  X53.4648 Y95.6828
G1  X53.7109 Y95.4288
G1  X53.7109 Y95.1748
G1  X53.4648 Y94.1786
G1  X53.2108 Y93.4284
G4 P0.10000000149011612
M03 S80
G4 P0.10000000149011612
G1 F10000
G1  X53.4648 Y94.1786
G4 P0.10000000149011612
M05 S0
G4 P0.10000000149011612
G1 F10000.000000
G1  X53.7109 Y94.6826
G1  X54.2109 Y95.4288
G1  X54.7110 Y95.6828
G1  X55.2111 Y95.6828
G1  X55.4651 Y95.4288
G1  X55.4651 Y94.9287
G1  X55.2111 Y94.1786
G1  X55.2111 Y93.6785
G1  X55.4651 Y93.4284
G1  X55.7112 Y93.4284
G1  X56.2113 Y93.6785
G1  X56.4652 Y93.9285
G1  X56.9574 Y94.6826
G4 P0.10000000149011612
M03 S80
G4 P0.10000000149011612
G1 F10000
G1  X60.4696 Y87.9113
G4 P0.10000000149011612
M05 S0
G4 P0.10000000149011612
G1 F10000.000000
G1  X60.9697 Y88.6574
G1  X61.7198 Y89.9116
G1  X61.9658 Y90.4038
G1  X62.2199 Y91.1579
G1  X62.2199 Y91.6580
G1  X61.9658 Y91.9119
G1  X61.4738 Y91.6580
G1  X61.2197 Y91.1579
G1  X60.9697 Y90.1577
G1  X60.7196 Y88.6574
G1  X60.4696 Y86.6572
G4 P0.10000000149011612
M03 S80
G4 P0.10000000149011612
G1 F10000
G1  X60.4696 Y86.6572
G4 P0.10000000149011612
M05 S0
G4 P0.10000000149011612
G1 F10000.000000
G1  X60.7196 Y87.4072
G1  X60.9697 Y87.9113
G1  X61.4738 Y88.6574
G1  X61.9658 Y88.9115
G1  X62.4739 Y88.9115
G1  X62.7200 Y88.6574
G1  X62.7200 Y88.1573
G1  X62.4739 Y87.4072
G1  X62.4739 Y86.9072
G1  X62.7200 Y86.6572
G1  X62.9661 Y86.6572
G1  X63.4740 Y86.9072
G1  X63.7201 Y87.1572
G1  X64.2202 Y87.9113
G4 P0.10000000149011612
M03 S80
G4 P0.10000000149011612
G1 F10000
G1  X64.4662 Y87.1572
G4 P0.10000000149011612
M05 S0
G4 P0.10000000149011612
G1 F10000.000000
G1  X64.9662 Y87.4072
G1  X65.2202 Y87.6573
G1  X65.4663 Y88.1573
G1  X65.4663 Y88.6574
G1  X65.2202 Y88.9115
G1  X64.9662 Y88.9115
G1  X64.4662 Y88.6574
G1  X64.2161 Y88.1573
G1  X64.2161 Y87.4072
G1  X64.4662 Y86.9072
G1  X64.9662 Y86.6572
G1  X65.4663 Y86.6572
G1  X65.9663 Y86.9072
G1  X66.2204 Y87.1572
G1  X66.7125 Y87.9113
G4 P0.10000000149011612
M03 S80
G4 P0.10000000149011612
G1 F10000
G1  X68.9667 Y88.1573
G4 P0.10000000149011612
M05 S0
G4 P0.10000000149011612
G1 F10000.000000
G1  X68.7207 Y88.6574
G1  X68.2127 Y88.9115
G1  X67.7205 Y88.9115
G1  X67.2165 Y88.6574
G1  X66.9665 Y88.4034
G1  X66.7164 Y87.9113
G1  X66.7164 Y87.4072
G1  X66.9665 Y86.9072
G1  X67.4665 Y86.6572
G1  X67.9666 Y86.6572
G1  X68.4667 Y86.9072
G1  X68.7207 Y87.4072
G1  X69.2128 Y88.9115
G1  X68.9667 Y87.6573
G1  X68.9667 Y86.9072
G1  X69.2128 Y86.6572
G1  X69.4669 Y86.6572
G1  X69.9669 Y86.9072
G1  X70.2130 Y87.1572
G1  X70.7211 Y87.9113
G4 P0.10000000149011612
M03 S80
G4 P0.10000000149011612
G1 F10000
G1  X70.7169 Y87.9113
G4 P0.10000000149011612
M05 S0
G4 P0.10000000149011612
G1 F10000.000000
G1  X71.2170 Y88.9115
G1  X70.9670 Y87.6573
G1  X70.9670 Y86.9072
G1  X71.2170 Y86.6572
G1  X71.4670 Y86.6572
G1  X72.2132 Y86.9072
G1  X72.7212 Y87.4072
G1  X72.9672 Y88.1573
G1  X72.9672 Y88.9115
G4 P0.10000000149011612
M03 S80
G4 P0.10000000149011612
G1 F10000
G1  X72.9672 Y88.9115
G4 P0.10000000149011612
M05 S0
G4 P0.10000000149011612
G1 F10000.000000
G1  X73.2133 Y87.9113
G1  X73.4674 Y87.6573
G1  X73.9674 Y87.6573
G1  X74.4675 Y87.9113
G4 P0.10000000149011612
M03 S80
G4 P0.10000000149011612
G1 F10000
G1  X74.7134 Y87.1572
G4 P0.10000000149011612
M05 S0
G4 P0.10000000149011612
G1 F10000.000000
G1  X75.2136 Y87.4072
G1  X75.4675 Y87.6573
G1  X75.7136 Y88.1573
G1  X75.7136 Y88.6574
G1  X75.4675 Y88.9115
G1  X75.2136 Y88.9115
G1  X74.7134 Y88.6574
G1  X74.4634 Y88.1573
G1  X74.4634 Y87.4072
G1  X74.7134 Y86.9072
G1  X75.2136 Y86.6572
G1  X75.7136 Y86.6572
G1  X76.2137 Y86.9072
G1  X76.4677 Y87.1572
G1  X76.9598 Y87.9113
G4 P0.10000000149011612
M03 S80
G4 P0.10000000149011612
G1 F10000
G1  X76.9637 Y87.9113
G4 P0.10000000149011612
M05 S0
G4 P0.10000000149011612
G1 F10000.000000
G1  X77.4638 Y88.6574
G1  X77.9678 Y88.9115
G1  X78.2139 Y88.6574
G1  X78.2139 Y88.4034
G1  X77.9678 Y87.4072
G1  X77.7139 Y86.6572
G4 P0.10000000149011612
M03 S80
G4 P0.10000000149011612
G1 F10000
G1  X77.9678 Y87.4072
G4 P0.10000000149011612
M05 S0
G4 P0.10000000149011612
G1 F10000.000000
G1  X78.2139 Y87.9113
G1  X78.7140 Y88.6574
G1  X79.2141 Y88.9115
G1  X79.7141 Y88.9115
G1  X79.9682 Y88.6574
G1  X79.9682 Y88.1573
G1  X79.7141 Y87.4072
G1  X79.7141 Y86.9072
G1  X79.9682 Y86.6572
G1  X80.2143 Y86.6572
G1  X80.7143 Y86.9072
G1  X80.9683 Y87.1572
G1  X81.4605 Y87.9113
G4 P0.10000000149011612
M03 S80
G4 P0.10000000149011612
G1 F10000
G1  X79.9681 Y81.3861
G4 P0.10000000149011612
M05 S0
G4 P0.10000000149011612
G1 F10000.000000
G1  X79.7221 Y81.8861
G1  X79.2141 Y82.1401
G1  X78.7219 Y82.1401
G1  X78.2179 Y81.8861
G1  X77.9678 Y81.6321
G1  X77.7178 Y81.1400
G1  X77.7178 Y80.6359
G1  X77.9678 Y80.1358
G1  X78.4679 Y79.8858
G1  X78.9680 Y79.8858
G1  X79.4680 Y80.1358
G1  X79.7221 Y80.6359
G1  X80.2142 Y82.1401
G1  X79.9681 Y80.8859
G1  X79.9681 Y80.1358
G1  X80.2142 Y79.8858
G1  X80.4683 Y79.8858
G1  X80.9683 Y80.1358
G1  X81.2144 Y80.3858
G1  X81.7224 Y81.1400
G4 P0.10000000149011612
M03 S80
G4 P0.10000000149011612
G1 F10000
G1  X81.7183 Y81.1400
G4 P0.10000000149011612
M05 S0
G4 P0.10000000149011612
G1 F10000.000000
G1  X82.2184 Y81.8861
G1  X82.7224 Y82.1401
G1  X82.9685 Y81.8861
G1  X82.9685 Y81.6321
G1  X82.7224 Y80.6359
G1  X82.4684 Y79.8858
G4 P0.10000000149011612
M03 S80
G4 P0.10000000149011612
G1 F10000
G1  X82.7224 Y80.6359
G4 P0.10000000149011612
M05 S0
G4 P0.10000000149011612
G1 F10000.000000
G1  X82.9685 Y81.1400
G1  X83.4685 Y81.8861
G1  X83.9686 Y82.1401
G1  X84.4688 Y82.1401
G1  X84.7227 Y81.8861
G1  X84.7227 Y81.3861
G1  X84.4688 Y80.6359
G1  X84.4688 Y80.1358
G1  X84.7227 Y79.8858
G1  X84.9688 Y79.8858
G1  X85.4689 Y80.1358
G1  X85.7229 Y80.3858
G1  X86.2150 Y81.1400
G4 P0.10000000149011612
M03 S80
G4 P0.10000000149011612
G1 F10000
G1  X88.4692 Y81.3861
G4 P0.10000000149011612
M05 S0
G4 P0.10000000149011612
G1 F10000.000000
G1  X88.2232 Y81.8861
G1  X87.7151 Y82.1401
G1  X87.2229 Y82.1401
G1  X86.7189 Y81.8861
G1  X86.4689 Y81.6321
G1  X86.2189 Y81.1400
G1  X86.2189 Y80.6359
G1  X86.4689 Y80.1358
G1  X86.9690 Y79.8858
G1  X87.4690 Y79.8858
G1  X87.9691 Y80.1358
G1  X88.2232 Y80.6359
G1  X89.7155 Y85.1407
G4 P0.10000000149011612
M03 S80
G4 P0.10000000149011612
G1 F10000
G1  X88.7152 Y82.1401
G4 P0.10000000149011612
M05 S0
G4 P0.10000000149011612
G1 F10000.000000
G1  X88.4692 Y80.8859
G1  X88.4692 Y80.1358
G1  X88.7152 Y79.8858
G1  X88.9693 Y79.8858
G1  X89.4694 Y80.1358
G1  X89.7155 Y80.3858
G1  X90.2235 Y81.1400
G4 P0.10000000149011612
M03 S80
G4 P0.10000000149011612
G1 F10000
G1  X89.7193 Y73.1144
G4 P0.10000000149011612
M05 S0
G4 P0.10000000149011612
G1 F10000.000000
G1  X90.2194 Y73.3645
G1  X91.2156 Y74.3686
G1  X91.9696 Y75.6148
G1  X92.2157 Y76.3689
G1  X92.4698 Y77.3692
G1  X92.4698 Y78.1153
G1  X92.2157 Y78.3693
G1  X91.9696 Y78.3693
G1  X91.7236 Y78.1153
G1  X91.4695 Y77.6152
G1  X91.4695 Y76.8611
G1  X91.7236 Y76.3689
G1  X92.2157 Y76.1150
G1  X93.2159 Y76.1150
G1  X93.9699 Y76.3689
G1  X94.2160 Y76.6150
G1  X94.4701 Y77.1151
G1  X94.4701 Y75.6148
G1  X94.2160 Y74.3686
G1  X93.9699 Y73.8646
G1  X93.4699 Y73.3645
G1  X92.7237 Y73.1144
G1  X91.7236 Y73.1144
G1  X90.9695 Y73.3645
G1  X90.4694 Y73.8646
G1  X90.2194 Y74.3686
G1  X90.2194 Y74.8608
G4 P0.10000000149011612
M03 S80
G4 P0.10000000149011612
G1 F10000
G1  X84.4687 Y73.6146
G4 P0.10000000149011612
M05 S0
G4 P0.10000000149011612
G1 F10000.000000
G1  X84.9687 Y73.8646
G1  X85.2227 Y74.1146
G1  X85.4688 Y74.6147
G1  X85.4688 Y75.1148
G1  X85.2227 Y75.3688
G1  X84.9687 Y75.3688
G1  X84.4687 Y75.1148
G1  X84.2186 Y74.6147
G1  X84.2186 Y73.8646
G1  X84.4687 Y73.3645
G1  X84.9687 Y73.1144
G1  X85.4688 Y73.1144
G1  X85.9688 Y73.3645
G1  X86.2229 Y73.6146
G1  X86.7150 Y74.3686
G4 P0.10000000149011612
M03 S80
G4 P0.10000000149011612
G1 F10000
G1  X80.7143 Y73.8646
G4 P0.10000000149011612
M05 S0
G4 P0.10000000149011612
G1 F10000.000000
G1  X80.9683 Y74.3686
G1  X81.4604 Y75.1148
G1  X81.9684 Y75.3688
G1  X82.4606 Y75.3688
G1  X82.7146 Y75.1148
G1  X82.7146 Y74.6147
G1  X82.4606 Y73.8646
G1  X82.4606 Y73.3645
G1  X82.7146 Y73.1144
G1  X82.9687 Y73.1144
G1  X83.4608 Y73.3645
G1  X83.7148 Y73.6146
G1  X84.2149 Y74.3686
G4 P0.10000000149011612
M03 S80
G4 P0.10000000149011612
G1 F10000
G1  X78.9680 Y73.8646
G4 P0.10000000149011612
M05 S0
G4 P0.10000000149011612
G1 F10000.000000
G1  X79.2141 Y74.3686
G1  X79.7141 Y75.1148
G1  X80.2142 Y75.3688
G1  X80.7143 Y75.3688
G1  X80.9683 Y75.1148
G1  X80.9683 Y74.8608
G1  X80.7143 Y73.8646
G1  X80.4603 Y73.1144
G4 P0.10000000149011612
M03 S80
G4 P0.10000000149011612
G1 F10000
G1  X77.9638 Y74.3686
G4 P0.10000000149011612
M05 S0
G4 P0.10000000149011612
G1 F10000.000000
G1  X78.4639 Y75.1148
G1  X78.9680 Y75.3688
G1  X79.2141 Y75.1148
G1  X79.2141 Y74.8608
G1  X78.9680 Y73.8646
G1  X78.7140 Y73.1144
G4 P0.10000000149011612
M03 S80
G4 P0.10000000149011612
G1 F10000
G1  X75.9597 Y75.3688
G4 P0.10000000149011612
M05 S0
G4 P0.10000000149011612
G1 F10000.000000
G1  X75.4675 Y75.3688
G1  X74.9634 Y75.1148
G1  X74.7134 Y74.8608
G1  X74.4634 Y74.3686
G1  X74.4634 Y73.8646
G1  X74.7134 Y73.3645
G1  X75.2136 Y73.1144
G1  X75.7136 Y73.1144
G1  X76.2137 Y73.3645
G1  X76.4677 Y73.6146
G1  X76.7138 Y74.1146
G1  X76.7138 Y74.6147
G1  X76.4677 Y75.1148
G1  X75.9597 Y75.3688
G1  X75.7136 Y75.1148
G1  X75.7136 Y74.6147
G1  X75.9597 Y74.1146
G1  X76.4677 Y73.8646
G1  X77.2138 Y73.8646
G1  X77.7140 Y74.1146
G1  X77.9600 Y74.3686
G4 P0.10000000149011612
M03 S80
G4 P0.10000000149011612
G1 F10000
G1  X71.7171 Y74.3686
G4 P0.10000000149011612
M05 S0
G4 P0.10000000149011612
G1 F10000.000000
G1  X72.2171 Y75.1148
G1  X72.4672 Y75.6148
G1  X72.4672 Y75.1148
G1  X72.9672 Y74.3686
G1  X73.2133 Y73.8646
G1  X73.2133 Y73.3645
G1  X72.7211 Y73.1144
G4 P0.10000000149011612
M03 S80
G4 P0.10000000149011612
G1 F10000
G1  X71.7171 Y73.3645
G4 P0.10000000149011612
M05 S0
G4 P0.10000000149011612
G1 F10000.000000
G1  X72.2171 Y73.1144
G1  X73.2133 Y73.1144
G1  X73.7213 Y73.3645
G1  X73.9673 Y73.6146
G1  X74.4675 Y74.3686
G4 P0.10000000149011612
M03 S80
G4 P0.10000000149011612
G1 F10000
G1  X69.4668 Y73.6146
G4 P0.10000000149011612
M05 S0
G4 P0.10000000149011612
G1 F10000.000000
G1  X69.9668 Y73.8646
G1  X70.2208 Y74.1146
G1  X70.4669 Y74.6147
G1  X70.4669 Y75.1148
G1  X70.2208 Y75.3688
G1  X69.9668 Y75.3688
G1  X69.4668 Y75.1148
G1  X69.2167 Y74.6147
G1  X69.2167 Y73.8646
G1  X69.4668 Y73.3645
G1  X69.9668 Y73.1144
G1  X70.4669 Y73.1144
G1  X70.9670 Y73.3645
G1  X71.2210 Y73.6146
G1  X71.7131 Y74.3686
G4 P0.10000000149011612
M03 S80
G4 P0.10000000149011612
G1 F10000
G1  X67.7127 Y75.3688
G4 P0.10000000149011612
M05 S0
G4 P0.10000000149011612
G1 F10000.000000
G1  X67.9667 Y74.3686
G1  X68.2128 Y74.1146
G1  X68.7128 Y74.1146
G1  X69.2129 Y74.3686
G4 P0.10000000149011612
M03 S80
G4 P0.10000000149011612
G1 F10000
G1  X66.2124 Y75.3688
G4 P0.10000000149011612
M05 S0
G4 P0.10000000149011612
G1 F10000.000000
G1  X65.7124 Y73.8646
G1  X65.7124 Y73.3645
G1  X65.9663 Y73.1144
G1  X66.4585 Y73.1144
G1  X66.9666 Y73.3645
G1  X67.4587 Y73.8646
G1  X67.7127 Y74.6147
G1  X67.7127 Y75.3688
G4 P0.10000000149011612
M03 S80
G4 P0.10000000149011612
G1 F10000
G1  X64.7122 Y75.3688
G4 P0.10000000149011612
M05 S0
G4 P0.10000000149011612
G1 F10000.000000
G1  X64.2121 Y74.8608
G1  X63.9621 Y74.1146
G1  X63.9621 Y73.6146
G1  X64.2121 Y73.1144
G1  X64.7122 Y73.1144
G1  X65.2123 Y73.3645
G1  X65.7124 Y73.8646
G4 P0.10000000149011612
M03 S80
G4 P0.10000000149011612
G1 F10000
G1  X62.2119 Y74.6147
G4 P0.10000000149011612
M05 S0
G4 P0.10000000149011612
G1 F10000.000000
G1  X61.9658 Y75.1148
G1  X61.4578 Y75.3688
G1  X60.9657 Y75.3688
G1  X60.4616 Y75.1148
G1  X60.2116 Y74.8608
G1  X59.9616 Y74.3686
G1  X59.9616 Y73.8646
G1  X60.2116 Y73.3645
G1  X60.7118 Y73.1144
G1  X61.2118 Y73.1144
G1  X61.7119 Y73.3645
G1  X61.9658 Y73.8646
G1  X62.4580 Y75.3688
G1  X62.2119 Y74.1146
G1  X62.2119 Y73.3645
G1  X62.4580 Y73.1144
G1  X62.7120 Y73.1144
G1  X63.2122 Y73.3645
G1  X63.4582 Y73.6146
G1  X63.9662 Y74.3686
G4 P0.10000000149011612
M03 S80
G4 P0.10000000149011612
G1 F10000
G1  X64.4582 Y82.1401
G4 P0.10000000149011612
M05 S0
G4 P0.10000000149011612
G1 F10000.000000
G1  X63.9581 Y81.6321
G1  X63.7081 Y80.8859
G1  X63.7081 Y80.3858
G1  X63.9581 Y79.8858
G1  X64.4582 Y79.8858
G1  X64.9582 Y80.1358
G1  X65.4584 Y80.6359
G4 P0.10000000149011612
M03 S80
G4 P0.10000000149011612
G1 F10000
G1  X65.9585 Y82.1401
G4 P0.10000000149011612
M05 S0
G4 P0.10000000149011612
G1 F10000.000000
G1  X65.4584 Y80.6359
G1  X65.4584 Y80.1358
G1  X65.7124 Y79.8858
G1  X66.2046 Y79.8858
G1  X66.7125 Y80.1358
G1  X67.2047 Y80.6359
G1  X67.4587 Y81.3861
G1  X67.4587 Y82.1401
G4 P0.10000000149011612
M03 S80
G4 P0.10000000149011612
G1 F10000
G1  X67.4587 Y82.1401
G4 P0.10000000149011612
M05 S0
G4 P0.10000000149011612
G1 F10000.000000
G1  X67.7127 Y81.1400
G1  X67.9588 Y80.8859
G1  X68.4589 Y80.8859
G1  X68.9589 Y81.1400
G4 P0.10000000149011612
M03 S80
G4 P0.10000000149011612
G1 F10000
G1  X69.2127 Y80.3858
G4 P0.10000000149011612
M05 S0
G4 P0.10000000149011612
G1 F10000.000000
G1  X69.7129 Y80.6359
G1  X69.9668 Y80.8859
G1  X70.2129 Y81.3861
G1  X70.2129 Y81.8861
G1  X69.9668 Y82.1401
G1  X69.7129 Y82.1401
G1  X69.2127 Y81.8861
G1  X68.9627 Y81.3861
G1  X68.9627 Y80.6359
G1  X69.2127 Y80.1358
G1  X69.7129 Y79.8858
G1  X70.2129 Y79.8858
G1  X70.7130 Y80.1358
G1  X70.9670 Y80.3858
G1  X71.4592 Y81.1400
G4 P0.10000000149011612
M03 S80
G4 P0.10000000149011612
G1 F10000
G1  X71.4630 Y81.1400
G4 P0.10000000149011612
M05 S0
G4 P0.10000000149011612
G1 F10000.000000
G1  X71.9631 Y81.8861
G1  X72.2132 Y82.3862
G1  X72.2132 Y81.8861
G1  X72.9593 Y81.8861
G1  X73.2133 Y81.6321
G1  X73.2133 Y81.1400
G1  X72.9593 Y80.3858
G1  X72.9593 Y80.1358
G1  X73.2133 Y79.8858
G1  X73.4673 Y79.8858
G1  X73.9595 Y80.1358
G1  X74.2134 Y80.3858
G1  X74.7136 Y81.1400
G4 P0.10000000149011612
M03 S80
G4 P0.10000000149011612
G1 F10000
G1  X61.7039 Y82.1401
G4 P0.10000000149011612
M05 S0
G4 P0.10000000149011612
G1 F10000.000000
G1  X61.2118 Y82.1401
G1  X60.7077 Y81.8861
G1  X60.4577 Y81.6321
G1  X60.2077 Y81.1400
G1  X60.2077 Y80.6359
G1  X60.4577 Y80.1358
G1  X60.9578 Y79.8858
G1  X61.4578 Y79.8858
G1  X61.9580 Y80.1358
G1  X62.2119 Y80.3858
G1  X62.4580 Y80.8859
G1  X62.4580 Y81.3861
G1  X62.2119 Y81.8861
G1  X61.7039 Y82.1401
G1  X61.4578 Y81.8861
G1  X61.4578 Y81.3861
G1  X61.7039 Y80.8859
G1  X62.2119 Y80.6359
G1  X62.9581 Y80.6359
G1  X63.4582 Y80.8859
G1  X63.7043 Y81.1400
G4 P0.10000000149011612
M03 S80
G4 P0.10000000149011612
G1 F10000
G1  X56.9612 Y81.3861
G4 P0.10000000149011612
M05 S0
G4 P0.10000000149011612
G1 F10000.000000
G1  X57.2113 Y81.8861
G1  X57.7114 Y82.1401
G1  X58.2114 Y82.1401
G1  X58.7115 Y81.8861
G1  X58.9576 Y81.3861
G1  X58.9576 Y80.8859
G1  X58.7115 Y80.3858
G1  X58.4654 Y80.1358
G1  X57.9575 Y79.8858
G4 P0.10000000149011612
M03 S80
G4 P0.10000000149011612
G1 F10000
G1  X56.9612 Y80.1358
G4 P0.10000000149011612
M05 S0
G4 P0.10000000149011612
G1 F10000.000000
G1  X57.4653 Y79.8858
G1  X58.2114 Y79.8858
G1  X58.9576 Y80.1358
G1  X59.4656 Y80.3858
G1  X60.2118 Y81.1400
G4 P0.10000000149011612
M03 S80
G4 P0.10000000149011612
G1 F10000
G1  X56.4611 Y81.1400
G4 P0.10000000149011612
M05 S0
G4 P0.10000000149011612
G1 F10000.000000
G1  X56.9612 Y81.8861
G1  X57.2113 Y82.3862
G1  X56.9612 Y81.3861
G1  X55.4610 Y76.8853
G4 P0.10000000149011612
M03 S80
G4 P0.10000000149011612
G1 F10000
G1  X53.4648 Y73.8646
G4 P0.10000000149011612
M05 S0
G4 P0.10000000149011612
G1 F10000.000000
G1  X53.7109 Y74.3686
G1  X54.2109 Y75.1148
G1  X54.7110 Y75.3688
G1  X55.2111 Y75.3688
G1  X55.4651 Y75.1148
G1  X55.4651 Y74.6147
G1  X55.2111 Y73.8646
G1  X55.2111 Y73.3645
G1  X55.4651 Y73.1144
G1  X55.7112 Y73.1144
G1  X56.2113 Y73.3645
G1  X56.4652 Y73.6146
G1  X56.9574 Y74.3686
G4 P0.10000000149011612
M03 S80
G4 P0.10000000149011612
G1 F10000
G1  X52.4606 Y74.3686
G4 P0.10000000149011612
M05 S0
G4 P0.10000000149011612
G1 F10000.000000
G1  X52.9607 Y75.1148
G1  X53.4648 Y75.3688
G1  X53.7109 Y75.1148
G1  X53.7109 Y74.8608
G1  X53.4648 Y73.8646
G1  X53.2108 Y73.1144
G4 P0.10000000149011612
M03 S80
G4 P0.10000000149011612
G1 F10000
G1  X50.7105 Y74.6147
G4 P0.10000000149011612
M05 S0
G4 P0.10000000149011612
G1 F10000.000000
G1  X50.4644 Y75.1148
G1  X49.9565 Y75.3688
G1  X49.4643 Y75.3688
G1  X48.9602 Y75.1148
G1  X48.7102 Y74.8608
G1  X48.4601 Y74.3686
G1  X48.4601 Y73.8646
G1  X48.7102 Y73.3645
G1  X49.2103 Y73.1144
G1  X49.7104 Y73.1144
G1  X50.2104 Y73.3645
G1  X50.4644 Y73.8646
G1  X50.9566 Y75.3688
G1  X50.7105 Y74.1146
G1  X50.7105 Y73.3645
G1  X50.9566 Y73.1144
G1  X51.2106 Y73.1144
G1  X51.7107 Y73.3645
G1  X51.9567 Y73.6146
G1  X52.4648 Y74.3686
G4 P0.10000000149011612
M03 S80
G4 P0.10000000149011612
G1 F10000
G1  X51.4645 Y79.8858
G4 P0.10000000149011612
M05 S0
G4 P0.10000000149011612
G1 F10000.000000
G1  X51.2145 Y80.1358
G1  X51.4645 Y80.3858
G1  X51.7185 Y80.1358
G1  X51.7185 Y79.8858
G1  X51.4645 Y79.3857
G1  X50.9645 Y78.8857
G4 P0.10000000149011612
M03 S80
G4 P0.10000000149011612
G1 F10000
G1  X47.2101 Y80.6359
G4 P0.10000000149011612
M05 S0
G4 P0.10000000149011612
G1 F10000.000000
G1  X47.4641 Y81.1400
G1  X47.9562 Y81.8861
G1  X48.4642 Y82.1401
G1  X48.9564 Y82.1401
G1  X49.2104 Y81.8861
G1  X49.2104 Y81.3861
G1  X48.9564 Y80.6359
G1  X48.9564 Y80.1358
G1  X49.2104 Y79.8858
G1  X49.4645 Y79.8858
G1  X49.9566 Y80.1358
G1  X50.2106 Y80.3858
G1  X50.7107 Y81.1400
G4 P0.10000000149011612
M03 S80
G4 P0.10000000149011612
G1 F10000
G1  X45.4638 Y80.6359
G4 P0.10000000149011612
M05 S0
G4 P0.10000000149011612
G1 F10000.000000
G1  X45.7099 Y81.1400
G1  X46.2099 Y81.8861
G1  X46.7100 Y82.1401
G1  X47.2101 Y82.1401
G1  X47.4641 Y81.8861
G1  X47.4641 Y81.6321
G1  X47.2101 Y80.6359
G1  X46.9561 Y79.8858
G4 P0.10000000149011612
M03 S80
G4 P0.10000000149011612
G1 F10000
G1  X44.4596 Y81.1400
G4 P0.10000000149011612
M05 S0
G4 P0.10000000149011612
G1 F10000.000000
G1  X44.9597 Y81.8861
G1  X45.4638 Y82.1401
G1  X45.7099 Y81.8861
G1  X45.7099 Y81.6321
G1  X45.4638 Y80.6359
G1  X45.2098 Y79.8858
G4 P0.10000000149011612
M03 S80
G4 P0.10000000149011612
G1 F10000
G1  X42.4555 Y82.1401
G4 P0.10000000149011612
M05 S0
G4 P0.10000000149011612
G1 F10000.000000
G1  X41.9633 Y82.1401
G1  X41.4592 Y81.8861
G1  X41.2092 Y81.6321
G1  X40.9592 Y81.1400
G1  X40.9592 Y80.6359
G1  X41.2092 Y80.1358
G1  X41.7094 Y79.8858
G1  X42.2094 Y79.8858
G1  X42.7095 Y80.1358
G1  X42.9635 Y80.3858
G1  X43.2096 Y80.8859
G1  X43.2096 Y81.3861
G1  X42.9635 Y81.8861
G1  X42.4555 Y82.1401
G1  X42.2094 Y81.8861
G1  X42.2094 Y81.3861
G1  X42.4555 Y80.8859
G1  X42.9635 Y80.6359
G1  X43.7096 Y80.6359
G1  X44.2098 Y80.8859
G1  X44.4558 Y81.1400
G4 P0.10000000149011612
M03 S80
G4 P0.10000000149011612
G1 F10000
G1  X39.4552 Y82.1401
G4 P0.10000000149011612
M05 S0
G4 P0.10000000149011612
G1 F10000.000000
G1  X39.2091 Y80.8859
G1  X39.2091 Y80.1358
G1  X39.4552 Y79.8858
G1  X39.7091 Y79.8858
G1  X40.2093 Y80.1358
G1  X40.4553 Y80.3858
G1  X40.9633 Y81.1400
G4 P0.10000000149011612
M03 S80
G4 P0.10000000149011612
G1 F10000
G1  X39.2091 Y81.3861
G4 P0.10000000149011612
M05 S0
G4 P0.10000000149011612
G1 F10000.000000
G1  X38.9630 Y81.8861
G1  X38.4550 Y82.1401
G1  X37.9628 Y82.1401
G1  X37.4588 Y81.8861
G1  X37.2087 Y81.6321
G1  X36.9587 Y81.1400
G1  X36.9587 Y80.6359
G1  X37.2087 Y80.1358
G1  X37.7089 Y79.8858
G1  X38.2089 Y79.8858
G1  X38.7090 Y80.1358
G1  X38.9630 Y80.6359
G1  X40.4553 Y85.1407
G4 P0.10000000149011612
M03 S80
G4 P0.10000000149011612
G1 F10000
G1  X42.4594 Y87.9113
G4 P0.10000000149011612
M05 S0
G4 P0.10000000149011612
G1 F10000.000000
G1  X43.4635 Y89.1576
G1  X43.9557 Y89.9116
G1  X44.2097 Y90.4038
G1  X44.4637 Y91.1579
G1  X44.4637 Y91.6580
G1  X44.2097 Y91.9119
G1  X43.7096 Y91.6580
G1  X43.4635 Y91.1579
G1  X42.9594 Y89.1576
G1  X42.2093 Y86.9072
G1  X41.4592 Y85.1569
G1  X41.2092 Y84.4027
G1  X41.2092 Y83.9107
G1  X41.4592 Y83.6566
G1  X41.9593 Y83.9107
G1  X42.2093 Y84.6568
G1  X42.4594 Y86.9072
G1  X42.7094 Y86.6572
G1  X43.2096 Y86.6572
G1  X43.7096 Y86.9072
G1  X43.9557 Y87.1572
G1  X44.4637 Y87.9113
G4 P0.10000000149011612
M03 S80
G4 P0.10000000149011612
G1 F10000
G1  X44.4596 Y87.9113
G4 P0.10000000149011612
M05 S0
G4 P0.10000000149011612
G1 F10000.000000
G1  X44.9597 Y88.6574
G1  X45.2098 Y89.1576
G1  X45.2098 Y88.6574
G1  X45.9560 Y88.6574
G1  X46.2099 Y88.4034
G1  X46.2099 Y87.9113
G1  X45.9560 Y87.1572
G1  X45.9560 Y86.9072
G1  X46.2099 Y86.6572
G1  X46.4639 Y86.6572
G1  X46.9561 Y86.9072
G1  X47.2101 Y87.1572
G1  X47.7102 Y87.9113
G4 P0.10000000149011612
M03 S80
G4 P0.10000000149011612
G1 F10000
G1  X49.2103 Y88.9115
G4 P0.10000000149011612
M05 S0
G4 P0.10000000149011612
G1 F10000.000000
G1  X48.7181 Y88.9115
G1  X48.2141 Y88.6574
G1  X47.9641 Y88.4034
G1  X47.7141 Y87.9113
G1  X47.7141 Y87.4072
G1  X47.9641 Y86.9072
G1  X48.4642 Y86.6572
G1  X48.9642 Y86.6572
G1  X49.4643 Y86.9072
G1  X49.7183 Y87.1572
G1  X49.9643 Y87.6573
G1  X49.9643 Y88.1573
G1  X49.7183 Y88.6574
G1  X49.2103 Y88.9115
G1  X48.9642 Y88.6574
G1  X48.9642 Y88.1573
G1  X49.2103 Y87.6573
G1  X49.7183 Y87.4072
G1  X50.4645 Y87.4072
G1  X50.9646 Y87.6573
G1  X51.2107 Y87.9113
G4 P0.10000000149011612
M03 S80
G4 P0.10000000149011612
G1 F10000
G1  X51.2145 Y87.9113
G4 P0.10000000149011612
M05 S0
G4 P0.10000000149011612
G1 F10000.000000
G1  X51.7146 Y88.6574
G1  X52.2186 Y88.9115
G1  X52.4647 Y88.6574
G1  X52.4647 Y88.4034
G1  X52.2186 Y87.4072
G1  X51.9646 Y86.6572
G4 P0.10000000149011612
M03 S80
G4 P0.10000000149011612
G1 F10000
G1  X52.2186 Y87.4072
G4 P0.10000000149011612
M05 S0
G4 P0.10000000149011612
G1 F10000.000000
G1  X52.4647 Y87.9113
G1  X52.9647 Y88.6574
G1  X53.4648 Y88.9115
G1  X53.9649 Y88.9115
G1  X54.2189 Y88.6574
G1  X54.2189 Y88.4034
G1  X53.9649 Y87.4072
G1  X53.7109 Y86.6572
G4 P0.10000000149011612
M03 S80
G4 P0.10000000149011612
G1 F10000
G1  X53.9649 Y87.4072
G4 P0.10000000149011612
M05 S0
G4 P0.10000000149011612
G1 F10000.000000
G1  X54.2189 Y87.9113
G1  X54.7111 Y88.6574
G1  X55.2191 Y88.9115
G1  X55.7112 Y88.9115
G1  X55.9653 Y88.6574
G1  X55.9653 Y88.1573
G1  X55.7112 Y87.4072
G1  X55.7112 Y86.9072
G1  X55.9653 Y86.6572
G1  X56.2192 Y86.6572
G1  X56.7114 Y86.9072
G1  X56.9654 Y87.1572
G1  X57.4655 Y87.9113
G4 P0.10000000149011612
M03 S80
G4 P0.10000000149011612
G1 F10000
G1  X41.7172 Y76.6150
G4 P0.10000000149011612
M05 S0
G4 P0.10000000149011612
G1 F10000.000000
G1  X41.7172 Y76.3689
G1  X41.9713 Y76.3689
G1  X41.9713 Y76.6150
G1  X41.7172 Y76.6150
G4 P0.10000000149011612
M03 S80
G4 P0.10000000149011612
G1 F10000
G1  X40.9672 Y74.3686
G4 P0.10000000149011612
M05 S0
G4 P0.10000000149011612
G1 F10000.000000
G1  X41.4672 Y75.3688
G1  X40.9672 Y73.8646
G1  X40.9672 Y73.3645
G1  X41.2172 Y73.1144
G1  X41.4672 Y73.1144
G1  X41.9713 Y73.3645
G1  X42.2173 Y73.6146
G1  X42.7175 Y74.3686
G4 P0.10000000149011612
M03 S80
G4 P0.10000000149011612
G1 F10000
G1  X42.7134 Y74.3686
G4 P0.10000000149011612
M05 S0
G4 P0.10000000149011612
G1 F10000.000000
G1  X43.2135 Y75.1148
G1  X43.4635 Y75.6148
G1  X43.4635 Y75.1148
G1  X43.9636 Y74.3686
G1  X44.2097 Y73.8646
G1  X44.2097 Y73.3645
G1  X43.7175 Y73.1144
G4 P0.10000000149011612
M03 S80
G4 P0.10000000149011612
G1 F10000
G1  X42.7134 Y73.3645
G4 P0.10000000149011612
M05 S0
G4 P0.10000000149011612
G1 F10000.000000
G1  X43.2135 Y73.1144
G1  X44.2097 Y73.1144
G1  X44.7177 Y73.3645
G1  X44.9637 Y73.6146
G1  X45.4639 Y74.3686
G4 P0.10000000149011612
M03 S80
G4 P0.10000000149011612
G1 F10000
G1  X36.4627 Y75.3688
G4 P0.10000000149011612
M05 S0
G4 P0.10000000149011612
G1 F10000.000000
G1  X36.2167 Y74.1146
G1  X36.2167 Y73.3645
G1  X36.4627 Y73.1144
G1  X36.7167 Y73.1144
G1  X37.2168 Y73.3645
G1  X37.4629 Y73.6146
G1  X37.9709 Y74.3686
G4 P0.10000000149011612
M03 S80
G4 P0.10000000149011612
G1 F10000
G1  X36.2167 Y74.6147
G4 P0.10000000149011612
M05 S0
G4 P0.10000000149011612
G1 F10000.000000
G1  X35.9706 Y75.1148
G1  X35.4625 Y75.3688
G1  X34.9704 Y75.3688
G1  X34.4663 Y75.1148
G1  X34.2163 Y74.8608
G1  X33.9663 Y74.3686
G1  X33.9663 Y73.8646
G1  X34.2163 Y73.3645
G1  X34.7164 Y73.1144
G1  X35.2164 Y73.1144
G1  X35.7166 Y73.3645
G1  X35.9706 Y73.8646
G1  X37.4629 Y78.3693
G4 P0.10000000149011612
M03 S80
G4 P0.10000000149011612
G1 F10000
G1  X34.2124 Y80.1358
G4 P0.10000000149011612
M05 S0
G4 P0.10000000149011612
G1 F10000.000000
G1  X34.7124 Y79.8858
G1  X35.7086 Y79.8858
G1  X36.2167 Y80.1358
G1  X36.4627 Y80.3858
G1  X36.9628 Y81.1400
G4 P0.10000000149011612
M03 S80
G4 P0.10000000149011612
G1 F10000
G1  X34.2124 Y81.1400
G4 P0.10000000149011612
M05 S0
G4 P0.10000000149011612
G1 F10000.000000
G1  X34.7124 Y81.8861
G1  X34.9625 Y82.3862
G1  X34.9625 Y81.8861
G1  X35.4625 Y81.1400
G1  X35.7086 Y80.6359
G1  X35.7086 Y80.1358
G1  X35.2164 Y79.8858
G4 P0.10000000149011612
M03 S80
G4 P0.10000000149011612
G1 F10000
G1  X32.4661 Y81.1400
G4 P0.10000000149011612
M05 S0
G4 P0.10000000149011612
G1 F10000.000000
G1  X32.9662 Y82.1401
G1  X32.4661 Y80.6359
G1  X32.4661 Y80.1358
G1  X32.7161 Y79.8858
G1  X32.9662 Y79.8858
G1  X33.4703 Y80.1358
G1  X33.7163 Y80.3858
G1  X34.2164 Y81.1400
G4 P0.10000000149011612
M03 S80
G4 P0.10000000149011612
G1 F10000
G1  X33.2162 Y83.3863
G4 P0.10000000149011612
M05 S0
G4 P0.10000000149011612
G1 F10000.000000
G1  X33.2162 Y83.1403
G1  X33.4703 Y83.1403
G1  X33.4703 Y83.3863
G1  X33.2162 Y83.3863
G4 P0.10000000149011612
M03 S80
G4 P0.10000000149011612
G1 F10000
G1  X30.9621 Y82.1401
G4 P0.10000000149011612
M05 S0
G4 P0.10000000149011612
G1 F10000.000000
G1  X31.2161 Y81.1400
G1  X31.4621 Y80.8859
G1  X31.9623 Y80.8859
G1  X32.4623 Y81.1400
G4 P0.10000000149011612
M03 S80
G4 P0.10000000149011612
G1 F10000
G1  X29.4619 Y82.1401
G4 P0.10000000149011612
M05 S0
G4 P0.10000000149011612
G1 F10000.000000
G1  X28.9617 Y80.6359
G1  X28.9617 Y80.1358
G1  X29.2158 Y79.8858
G1  X29.7079 Y79.8858
G1  X30.2159 Y80.1358
G1  X30.7081 Y80.6359
G1  X30.9621 Y81.3861
G1  X30.9621 Y82.1401
G4 P0.10000000149011612
M03 S80
G4 P0.10000000149011612
G1 F10000
G1  X27.9616 Y82.1401
G4 P0.10000000149011612
M05 S0
G4 P0.10000000149011612
G1 F10000.000000
G1  X27.4615 Y81.6321
G1  X27.2115 Y80.8859
G1  X27.2115 Y80.3858
G1  X27.4615 Y79.8858
G1  X27.9616 Y79.8858
G1  X28.4617 Y80.1358
G1  X28.9617 Y80.6359
G4 P0.10000000149011612
M03 S80
G4 P0.10000000149011612
G1 F10000
G1  X31.9621 Y75.3688
G4 P0.10000000149011612
M05 S0
G4 P0.10000000149011612
G1 F10000.000000
G1  X31.4700 Y75.3688
G1  X30.9659 Y75.1148
G1  X30.7159 Y74.8608
G1  X30.4658 Y74.3686
G1  X30.4658 Y73.8646
G1  X30.7159 Y73.3645
G1  X31.2159 Y73.1144
G1  X31.7160 Y73.1144
G1  X32.2162 Y73.3645
G1  X32.4701 Y73.6146
G1  X32.7162 Y74.1146
G1  X32.7162 Y74.6147
G1  X32.4701 Y75.1148
G1  X31.9621 Y75.3688
G1  X31.7160 Y75.1148
G1  X31.7160 Y74.6147
G1  X31.9621 Y74.1146
G1  X32.4701 Y73.8646
G1  X33.2163 Y73.8646
G1  X33.7163 Y74.1146
G1  X33.9624 Y74.3686
G4 P0.10000000149011612
M03 S80
G4 P0.10000000149011612
G1 F10000
G1  X24.7191 Y73.1144
G4 P0.10000000149011612
M05 S0
G4 P0.10000000149011612
G1 F10000.000000
G1  X25.2191 Y73.3645
G1  X26.2154 Y74.3686
G1  X26.9694 Y75.6148
G1  X27.2155 Y76.3689
G1  X27.4695 Y77.3692
G1  X27.4695 Y78.1153
G1  X27.2155 Y78.3693
G1  X26.9694 Y78.3693
G1  X26.7233 Y78.1153
G1  X26.4694 Y77.6152
G1  X26.4694 Y76.8611
G1  X26.7233 Y76.3689
G1  X27.2155 Y76.1150
G1  X28.2157 Y76.1150
G1  X28.9698 Y76.3689
G1  X29.2159 Y76.6150
G1  X29.4698 Y77.1151
G1  X29.4698 Y75.6148
G1  X29.2159 Y74.3686
G1  X28.9698 Y73.8646
G1  X28.4697 Y73.3645
G1  X27.7236 Y73.1144
G1  X26.7233 Y73.1144
G1  X25.9693 Y73.3645
G1  X25.4693 Y73.8646
G1  X25.2191 Y74.3686
G1  X25.2191 Y74.8608
G4 P0.10000000149011612
M03 S80
G4 P0.10000000149011612
G1 F10000
G1  X18.4643 Y74.3686
G4 P0.10000000149011612
M05 S0
G4 P0.10000000149011612
G1 F10000.000000
G1  X18.9644 Y75.1148
G1  X19.2144 Y75.6148
G1  X19.2144 Y75.1148
G1  X19.9606 Y75.1148
G1  X20.2147 Y74.8608
G1  X20.2147 Y74.3686
G1  X19.9606 Y73.6146
G1  X19.9606 Y73.3645
G1  X20.2147 Y73.1144
G1  X20.4686 Y73.1144
G1  X20.9608 Y73.3645
G1  X21.2148 Y73.6146
G1  X21.7148 Y74.3686
G4 P0.10000000149011612
M03 S80
G4 P0.10000000149011612
G1 F10000
G1  X17.2143 Y75.3688
G4 P0.10000000149011612
M05 S0
G4 P0.10000000149011612
G1 F10000.000000
G1  X16.7221 Y73.8646
G1  X16.7221 Y73.3645
G1  X16.9682 Y73.1144
G1  X17.2143 Y73.1144
G1  X17.7223 Y73.3645
G1  X17.9684 Y73.6146
G1  X18.4685 Y74.3686
G4 P0.10000000149011612
M03 S80
G4 P0.10000000149011612
G1 F10000
G1  X14.7178 Y74.3686
G4 P0.10000000149011612
M05 S0
G4 P0.10000000149011612
G1 F10000.000000
G1  X15.2179 Y75.3688
G1  X14.7178 Y73.8646
G1  X14.7178 Y73.3645
G1  X14.9678 Y73.1144
G1  X15.4680 Y73.1144
G1  X15.9681 Y73.3645
G1  X16.4681 Y73.8646
G1  X16.9682 Y74.6147
G4 P0.10000000149011612
M03 S80
G4 P0.10000000149011612
G1 F10000
G1  X12.4677 Y78.3693
G4 P0.10000000149011612
M05 S0
G4 P0.10000000149011612
G1 F10000.000000
G1  X11.7136 Y78.1153
G1  X11.2135 Y77.6152
G1  X10.7134 Y76.8611
G1  X10.4674 Y76.3689
G1  X10.2133 Y75.3688
G1  X10.2133 Y74.3686
G1  X10.4674 Y73.6146
G1  X10.7134 Y73.3645
G1  X11.2135 Y73.1144
G1  X11.7136 Y73.1144
G1  X12.4677 Y73.3645
G1  X12.9598 Y73.8646
G1  X13.4678 Y74.6147
G1  X13.7139 Y75.1148
G1  X13.9599 Y76.1150
G1  X13.9599 Y77.1151
G1  X13.7139 Y77.8613
G1  X13.4678 Y78.1153
G1  X12.9598 Y78.3693
G1  X12.4677 Y78.3693
G1  X11.9597 Y77.8613
G1  X11.9597 Y77.1151
G1  X12.2137 Y76.3689
G1  X12.7137 Y75.6148
G1  X13.2138 Y75.1148
G1  X13.9599 Y74.6147
G1  X14.4680 Y74.3686
G4 P0.10000000149011612
M03 S80
G4 P0.10000000149011612
G1 F10000
G1  X16.4641 Y81.1400
G4 P0.10000000149011612
M05 S0
G4 P0.10000000149011612
G1 F10000.000000
G1  X16.9642 Y82.1401
G1  X16.4641 Y80.6359
G1  X16.4641 Y80.1358
G1  X16.7141 Y79.8858
G1  X16.9642 Y79.8858
G1  X17.4683 Y80.1358
G1  X17.7142 Y80.3858
G1  X18.2144 Y81.1400
G4 P0.10000000149011612
M03 S80
G4 P0.10000000149011612
G1 F10000
G1  X18.2104 Y81.1400
G4 P0.10000000149011612
M05 S0
G4 P0.10000000149011612
G1 F10000.000000
G1  X18.7104 Y81.8861
G1  X19.2144 Y82.8863
G4 P0.10000000149011612
M03 S80
G4 P0.10000000149011612
G1 F10000
G1  X18.4604 Y83.1403
G4 P0.10000000149011612
M05 S0
G4 P0.10000000149011612
G1 F10000.000000
G1  X20.2147 Y83.1403
G4 P0.10000000149011612
M03 S80
G4 P0.10000000149011612
G1 F10000
G1  X20.4646 Y81.1400
G4 P0.10000000149011612
M05 S0
G4 P0.10000000149011612
G1 F10000.000000
G1  X20.9647 Y81.8861
G1  X21.7148 Y83.1403
G1  X21.9608 Y83.6324
G1  X22.2149 Y84.3865
G1  X22.2149 Y84.8866
G1  X21.9608 Y85.1407
G1  X21.4688 Y84.8866
G1  X21.2147 Y84.3865
G1  X20.9647 Y83.3863
G1  X20.7146 Y81.8861
G1  X20.4646 Y79.8858
G4 P0.10000000149011612
M03 S80
G4 P0.10000000149011612
G1 F10000
G1  X20.4646 Y79.8858
G4 P0.10000000149011612
M05 S0
G4 P0.10000000149011612
G1 F10000.000000
G1  X20.7146 Y80.6359
G1  X20.9647 Y81.1400
G1  X21.4688 Y81.8861
G1  X21.9608 Y82.1401
G1  X22.4689 Y82.1401
G1  X22.7150 Y81.8861
G1  X22.7150 Y81.3861
G1  X22.4689 Y80.6359
G1  X22.4689 Y80.1358
G1  X22.7150 Y79.8858
G1  X22.9611 Y79.8858
G1  X23.4690 Y80.1358
G1  X23.7151 Y80.3858
G1  X24.2152 Y81.1400
G4 P0.10000000149011612
M03 S80
G4 P0.10000000149011612
G1 F10000
G1  X19.9606 Y85.1407
G4 P0.10000000149011612
M05 S0
G4 P0.10000000149011612
G1 F10000.000000
G1  X18.4604 Y80.6359
G1  X18.4604 Y80.1358
G1  X18.7104 Y79.8858
G1  X19.2144 Y79.8858
G1  X19.7066 Y80.1358
G1  X19.9606 Y80.3858
G1  X20.4608 Y81.1400
G4 P0.10000000149011612
M03 S80
G4 P0.10000000149011612
G1 F10000
G1  X17.2142 Y83.3863
G4 P0.10000000149011612
M05 S0
G4 P0.10000000149011612
G1 F10000.000000
G1  X17.2142 Y83.1403
G1  X17.4683 Y83.1403
G1  X17.4683 Y83.3863
G1  X17.2142 Y83.3863
G4 P0.10000000149011612
M03 S80
G4 P0.10000000149011612
G1 F10000
G1  X16.9605 Y85.1407
G4 P0.10000000149011612
M05 S0
G4 P0.10000000149011612
G1 F10000.000000
G1  X16.4683 Y84.8866
G1  X15.7143 Y84.1404
G1  X14.9602 Y83.1403
G1  X14.2140 Y81.6321
G1  X13.4678 Y79.8858
G4 P0.10000000149011612
M03 S80
G4 P0.10000000149011612
G1 F10000
G1  X10.7134 Y83.3863
G4 P0.10000000149011612
M05 S0
G4 P0.10000000149011612
G1 F10000.000000
G1  X10.2133 Y83.6324
G1  X9.9633 Y84.1404
G1  X9.9633 Y84.3865
G1  X10.2133 Y84.8866
G1  X10.7134 Y85.1407
G1  X10.9595 Y85.1407
G1  X11.4675 Y84.8866
G1  X11.7136 Y84.3865
G1  X11.7136 Y83.6324
G1  X11.4675 Y79.8858
G4 P0.10000000149011612
M03 S80
G4 P0.10000000149011612
G1 F10000
G1  X13.9599 Y85.1407
G4 P0.10000000149011612
M05 S0
G4 P0.10000000149011612
G1 F10000.000000
G1  X13.4678 Y79.8858
G4 P0.10000000149011612
M03 S80
G4 P0.10000000149011612
G1 F10000
G1  X13.9599 Y85.1407
G4 P0.10000000149011612
M05 S0
G4 P0.10000000149011612
G1 F10000.000000
G1  X11.4675 Y79.8858
G4 P0.10000000149011612
M03 S80
G4 P0.10000000149011612
G1 F10000
G1  X15.7140 Y87.1572
G4 P0.10000000149011612
M05 S0
G4 P0.10000000149011612
G1 F10000.000000
G1  X16.2141 Y87.4072
G1  X16.4681 Y87.6573
G1  X16.7141 Y88.1573
G1  X16.7141 Y88.6574
G1  X16.4681 Y88.9115
G1  X16.2141 Y88.9115
G1  X15.7140 Y88.6574
G1  X15.4640 Y88.1573
G1  X15.4640 Y87.4072
G1  X15.7140 Y86.9072
G1  X16.2141 Y86.6572
G1  X16.7141 Y86.6572
G1  X17.2143 Y86.9072
G1  X17.4683 Y87.1572
G1  X17.9604 Y87.9113
G4 P0.10000000149011612
M03 S80
G4 P0.10000000149011612
G1 F10000
G1  X20.9647 Y87.9113
G4 P0.10000000149011612
M05 S0
G4 P0.10000000149011612
G1 F10000.000000
G1  X21.4647 Y88.6574
G1  X21.7148 Y89.1576
G1  X21.7148 Y88.6574
G1  X22.4609 Y88.6574
G1  X22.7150 Y88.4034
G1  X22.7150 Y87.9113
G1  X22.4609 Y87.1572
G1  X22.4609 Y86.9072
G1  X22.7150 Y86.6572
G1  X22.9689 Y86.6572
G1  X23.4611 Y86.9072
G1  X23.7151 Y87.1572
G1  X24.2152 Y87.9113
G4 P0.10000000149011612
M03 S80
G4 P0.10000000149011612
G1 F10000
G1  X24.4690 Y87.1572
G4 P0.10000000149011612
M05 S0
G4 P0.10000000149011612
G1 F10000.000000
G1  X24.9692 Y87.4072
G1  X25.2232 Y87.6573
G1  X25.4693 Y88.1573
G1  X25.4693 Y88.6574
G1  X25.2232 Y88.9115
G1  X24.9692 Y88.9115
G1  X24.4690 Y88.6574
G1  X24.2190 Y88.1573
G1  X24.2190 Y87.4072
G1  X24.4690 Y86.9072
G1  X24.9692 Y86.6572
G1  X25.4693 Y86.6572
G1  X25.9693 Y86.9072
G1  X26.2233 Y87.1572
G1  X26.7155 Y87.9113
G4 P0.10000000149011612
M03 S80
G4 P0.10000000149011612
G1 F10000
G1  X26.7193 Y87.9113
G4 P0.10000000149011612
M05 S0
G4 P0.10000000149011612
G1 F10000.000000
G1  X27.2194 Y88.9115
G1  X26.7193 Y87.4072
G1  X26.7193 Y86.9072
G1  X26.9693 Y86.6572
G1  X27.2194 Y86.6572
G1  X27.7235 Y86.9072
G1  X27.9696 Y87.1572
G1  X28.4696 Y87.9113
G4 P0.10000000149011612
M03 S80
G4 P0.10000000149011612
G1 F10000
G1  X30.7160 Y88.1573
G4 P0.10000000149011612
M05 S0
G4 P0.10000000149011612
G1 F10000.000000
G1  X30.4699 Y88.6574
G1  X29.9618 Y88.9115
G1  X29.4698 Y88.9115
G1  X28.9657 Y88.6574
G1  X28.7156 Y88.4034
G1  X28.4656 Y87.9113
G1  X28.4656 Y87.4072
G1  X28.7156 Y86.9072
G1  X29.2157 Y86.6572
G1  X29.7157 Y86.6572
G1  X30.2159 Y86.9072
G1  X30.4699 Y87.1572
G4 P0.10000000149011612
M03 S80
G4 P0.10000000149011612
G1 F10000
G1  X30.9621 Y88.9115
G4 P0.10000000149011612
M05 S0
G4 P0.10000000149011612
G1 F10000.000000
G1  X30.4699 Y87.1572
G1  X29.4698 Y84.4027
G1  X29.2157 Y83.9107
G1  X28.7156 Y83.6566
G1  X28.4656 Y83.9107
G1  X28.4656 Y84.4027
G1  X28.7156 Y85.1569
G1  X29.4698 Y85.9070
G1  X30.2159 Y86.4071
G1  X30.7160 Y86.6572
G1  X31.4700 Y87.1572
G1  X32.2162 Y87.9113
G4 P0.10000000149011612
M03 S80
G4 P0.10000000149011612
G1 F10000
G1  X32.2121 Y87.9113
G4 P0.10000000149011612
M05 S0
G4 P0.10000000149011612
G1 F10000.000000
G1  X32.7122 Y88.6574
G1  X33.2162 Y88.9115
G1  X33.4623 Y88.6574
G1  X33.4623 Y88.4034
G1  X33.2162 Y87.4072
G1  X32.9622 Y86.6572
G4 P0.10000000149011612
M03 S80
G4 P0.10000000149011612
G1 F10000
G1  X33.2162 Y87.4072
G4 P0.10000000149011612
M05 S0
G4 P0.10000000149011612
G1 F10000.000000
G1  X33.4623 Y87.9113
G1  X33.9623 Y88.6574
G1  X34.4625 Y88.9115
G1  X34.9626 Y88.9115
G1  X35.2165 Y88.6574
G1  X35.2165 Y88.1573
G1  X34.9626 Y87.4072
G1  X34.9626 Y86.9072
G1  X35.2165 Y86.6572
G1  X35.4626 Y86.6572
G1  X35.9627 Y86.9072
G1  X36.2167 Y87.1572
G1  X36.7088 Y87.9113
G4 P0.10000000149011612
M03 S80
G4 P0.10000000149011612
G1 F10000
G1  X36.7127 Y87.9113
G4 P0.10000000149011612
M05 S0
G4 P0.10000000149011612
G1 F10000.000000
G1  X37.2127 Y88.6574
G1  X37.4628 Y89.1576
G1  X37.4628 Y88.6574
G1  X37.9628 Y87.9113
G1  X38.2089 Y87.4072
G1  X38.2089 Y86.9072
G1  X37.7168 Y86.6572
G4 P0.10000000149011612
M03 S80
G4 P0.10000000149011612
G1 F10000
G1  X36.7127 Y86.9072
G4 P0.10000000149011612
M05 S0
G4 P0.10000000149011612
G1 F10000.000000
G1  X37.2127 Y86.6572
G1  X38.2089 Y86.6572
G1  X38.7170 Y86.9072
G1  X38.9630 Y87.1572
G1  X39.4631 Y87.9113
G4 P0.10000000149011612
M03 S80
G4 P0.10000000149011612
G1 F10000
G1  X36.2167 Y94.9287
G4 P0.10000000149011612
M05 S0
G4 P0.10000000149011612
G1 F10000.000000
G1  X35.9706 Y95.4288
G1  X35.4625 Y95.6828
G1  X34.9704 Y95.6828
G1  X34.4663 Y95.4288
G1  X34.2163 Y95.1748
G1  X33.9663 Y94.6826
G1  X33.9663 Y94.1786
G1  X34.2163 Y93.6785
G1  X34.7164 Y93.4284
G1  X35.2164 Y93.4284
G1  X35.7166 Y93.6785
G1  X35.9706 Y94.1786
G1  X37.4629 Y98.6833
G4 P0.10000000149011612
M03 S80
G4 P0.10000000149011612
G1 F10000
G1  X36.4627 Y95.6828
G4 P0.10000000149011612
M05 S0
G4 P0.10000000149011612
G1 F10000.000000
G1  X36.2167 Y94.4287
G1  X36.2167 Y93.6785
G1  X36.4627 Y93.4284
G1  X36.7167 Y93.4284
G1  X37.2168 Y93.6785
G1  X37.4629 Y93.9285
G1  X37.9709 Y94.6826
G4 P0.10000000149011612
M03 S80
G4 P0.10000000149011612
G1 F10000
G1  X31.9621 Y95.6828
G4 P0.10000000149011612
M05 S0
G4 P0.10000000149011612
G1 F10000.000000
G1  X31.4700 Y95.6828
G1  X30.9659 Y95.4288
G1  X30.7159 Y95.1748
G1  X30.4658 Y94.6826
G1  X30.4658 Y94.1786
G1  X30.7159 Y93.6785
G1  X31.2159 Y93.4284
G1  X31.7160 Y93.4284
G1  X32.2162 Y93.6785
G1  X32.4701 Y93.9285
G1  X32.7162 Y94.4287
G1  X32.7162 Y94.9287
G1  X32.4701 Y95.4288
G1  X31.9621 Y95.6828
G1  X31.7160 Y95.4288
G1  X31.7160 Y94.9287
G1  X31.9621 Y94.4287
G1  X32.4701 Y94.1786
G1  X33.2163 Y94.1786
G1  X33.7163 Y94.4287
G1  X33.9624 Y94.6826
G4 P0.10000000149011612
M03 S80
G4 P0.10000000149011612
G1 F10000
G1  X27.4695 Y90.1577
G4 P0.10000000149011612
M05 S0
G4 P0.10000000149011612
G1 F10000.000000
G1  X27.4695 Y89.9116
G1  X27.7235 Y89.9116
G1  X27.7235 Y90.1577
G1  X27.4695 Y90.1577
G4 P0.10000000149011612
M03 S80
G4 P0.10000000149011612
G1 F10000
G1  X24.7191 Y93.4284
G4 P0.10000000149011612
M05 S0
G4 P0.10000000149011612
G1 F10000.000000
G1  X25.2191 Y93.6785
G1  X26.2154 Y94.6826
G1  X26.9694 Y95.9288
G1  X27.2155 Y96.6830
G1  X27.4695 Y97.6831
G1  X27.4695 Y98.4293
G1  X27.2155 Y98.6833
G1  X26.9694 Y98.6833
G1  X26.7233 Y98.4293
G1  X26.4694 Y97.9292
G1  X26.4694 Y97.1751
G1  X26.7233 Y96.6830
G1  X27.2155 Y96.4290
G1  X28.2157 Y96.4290
G1  X28.9698 Y96.6830
G1  X29.2159 Y96.9291
G1  X29.4698 Y97.4291
G1  X29.4698 Y95.9288
G1  X29.2159 Y94.6826
G1  X28.9698 Y94.1786
G1  X28.4697 Y93.6785
G1  X27.7236 Y93.4284
G1  X26.7233 Y93.4284
G1  X25.9693 Y93.6785
G1  X25.4693 Y94.1786
G1  X25.2191 Y94.6826
G1  X25.2191 Y95.1748
G4 P0.10000000149011612
M03 S80
G4 P0.10000000149011612
G1 F10000
G1  X24.7191 Y100.1998
G4 P0.10000000149011612
M05 S0
G4 P0.10000000149011612
G1 F10000.000000
G1  X25.2191 Y100.4498
G1  X26.2154 Y101.4540
G1  X26.9694 Y102.7002
G1  X27.2155 Y103.4543
G1  X27.4695 Y104.4545
G1  X27.4695 Y105.2006
G1  X27.2155 Y105.4546
G1  X26.9694 Y105.4546
G1  X26.7233 Y105.2006
G1  X26.4694 Y104.7006
G1  X26.4694 Y103.9464
G1  X26.7233 Y103.4543
G1  X27.2155 Y103.2003
G1  X28.2157 Y103.2003
G1  X28.9698 Y103.4543
G1  X29.2159 Y103.7003
G1  X29.4698 Y104.2005
G1  X29.4698 Y102.7002
G1  X29.2159 Y101.4540
G1  X28.9698 Y100.9499
G1  X28.4697 Y100.4498
G1  X27.7236 Y100.1998
G1  X26.7233 Y100.1998
G1  X25.9693 Y100.4498
G1  X25.4693 Y100.9499
G1  X25.2191 Y101.4540
G1  X25.2191 Y101.9461
G4 P0.10000000149011612
M03 S80
G4 P0.10000000149011612
G1 F10000
G1  X31.9621 Y102.4541
G4 P0.10000000149011612
M05 S0
G4 P0.10000000149011612
G1 F10000.000000
G1  X31.4700 Y102.4541
G1  X30.9659 Y102.2002
G1  X30.7159 Y101.9461
G1  X30.4658 Y101.4540
G1  X30.4658 Y100.9499
G1  X30.7159 Y100.4498
G1  X31.2159 Y100.1998
G1  X31.7160 Y100.1998
G1  X32.2162 Y100.4498
G1  X32.4701 Y100.6999
G1  X32.7162 Y101.1999
G1  X32.7162 Y101.7001
G1  X32.4701 Y102.2002
G1  X31.9621 Y102.4541
G1  X31.7160 Y102.2002
G1  X31.7160 Y101.7001
G1  X31.9621 Y101.1999
G1  X32.4701 Y100.9499
G1  X33.2163 Y100.9499
G1  X33.7163 Y101.1999
G1  X33.9624 Y101.4540
G4 P0.10000000149011612
M03 S80
G4 P0.10000000149011612
G1 F10000
G1  X30.9621 Y109.2255
G4 P0.10000000149011612
M05 S0
G4 P0.10000000149011612
G1 F10000.000000
G1  X31.2161 Y108.2253
G1  X31.4621 Y107.9713
G1  X31.9623 Y107.9713
G1  X32.4623 Y108.2253
G4 P0.10000000149011612
M03 S80
G4 P0.10000000149011612
G1 F10000
G1  X29.4619 Y109.2255
G4 P0.10000000149011612
M05 S0
G4 P0.10000000149011612
G1 F10000.000000
G1  X28.9617 Y107.7213
G1  X28.9617 Y107.2212
G1  X29.2158 Y106.9712
G1  X29.7079 Y106.9712
G1  X30.2159 Y107.2212
G1  X30.7081 Y107.7213
G1  X30.9621 Y108.4714
G1  X30.9621 Y109.2255
G4 P0.10000000149011612
M03 S80
G4 P0.10000000149011612
G1 F10000
G1  X27.9616 Y109.2255
G4 P0.10000000149011612
M05 S0
G4 P0.10000000149011612
G1 F10000.000000
G1  X27.4615 Y108.7175
G1  X27.2115 Y107.9713
G1  X27.2115 Y107.4712
G1  X27.4615 Y106.9712
G1  X27.9616 Y106.9712
G1  X28.4617 Y107.2212
G1  X28.9617 Y107.7213
G4 P0.10000000149011612
M03 S80
G4 P0.10000000149011612
G1 F10000
G1  X24.4690 Y114.2425
G4 P0.10000000149011612
M05 S0
G4 P0.10000000149011612
G1 F10000.000000
G1  X24.9692 Y114.4927
G1  X25.2232 Y114.7427
G1  X25.4693 Y115.2428
G1  X25.4693 Y115.7428
G1  X25.2232 Y115.9968
G1  X24.9692 Y115.9968
G1  X24.4690 Y115.7428
G1  X24.2190 Y115.2428
G1  X24.2190 Y114.4927
G1  X24.4690 Y113.9925
G1  X24.9692 Y113.7425
G1  X25.4693 Y113.7425
G1  X25.9693 Y113.9925
G1  X26.2233 Y114.2425
G1  X26.7155 Y114.9967
G4 P0.10000000149011612
M03 S80
G4 P0.10000000149011612
G1 F10000
G1  X20.9647 Y114.9967
G4 P0.10000000149011612
M05 S0
G4 P0.10000000149011612
G1 F10000.000000
G1  X21.4647 Y115.7428
G1  X21.7148 Y116.2429
G1  X21.7148 Y115.7428
G1  X22.4609 Y115.7428
G1  X22.7150 Y115.4888
G1  X22.7150 Y114.9967
G1  X22.4609 Y114.2425
G1  X22.4609 Y113.9925
G1  X22.7150 Y113.7425
G1  X22.9689 Y113.7425
G1  X23.4611 Y113.9925
G1  X23.7151 Y114.2425
G1  X24.2152 Y114.9967
G4 P0.10000000149011612
M03 S80
G4 P0.10000000149011612
G1 F10000
G1  X19.9606 Y112.2260
G4 P0.10000000149011612
M05 S0
G4 P0.10000000149011612
G1 F10000.000000
G1  X18.4604 Y107.7213
G1  X18.4604 Y107.2212
G1  X18.7104 Y106.9712
G1  X19.2144 Y106.9712
G1  X19.7066 Y107.2212
G1  X19.9606 Y107.4712
G1  X20.4608 Y108.2253
G4 P0.10000000149011612
M03 S80
G4 P0.10000000149011612
G1 F10000
G1  X20.4646 Y108.2253
G4 P0.10000000149011612
M05 S0
G4 P0.10000000149011612
G1 F10000.000000
G1  X20.9647 Y108.9714
G1  X21.7148 Y110.2256
G1  X21.9608 Y110.7178
G1  X22.2149 Y111.4718
G1  X22.2149 Y111.9720
G1  X21.9608 Y112.2260
G1  X21.4688 Y111.9720
G1  X21.2147 Y111.4718
G1  X20.9647 Y110.4717
G1  X20.7146 Y108.9714
G1  X20.4646 Y106.9712
G4 P0.10000000149011612
M03 S80
G4 P0.10000000149011612
G1 F10000
G1  X20.4646 Y106.9712
G4 P0.10000000149011612
M05 S0
G4 P0.10000000149011612
G1 F10000.000000
G1  X20.7146 Y107.7213
G1  X20.9647 Y108.2253
G1  X21.4688 Y108.9714
G1  X21.9608 Y109.2255
G1  X22.4689 Y109.2255
G1  X22.7150 Y108.9714
G1  X22.7150 Y108.4714
G1  X22.4689 Y107.7213
G1  X22.4689 Y107.2212
G1  X22.7150 Y106.9712
G1  X22.9611 Y106.9712
G1  X23.4690 Y107.2212
G1  X23.7151 Y107.4712
G1  X24.2152 Y108.2253
G4 P0.10000000149011612
M03 S80
G4 P0.10000000149011612
G1 F10000
G1  X18.2104 Y108.2253
G4 P0.10000000149011612
M05 S0
G4 P0.10000000149011612
G1 F10000.000000
G1  X18.7104 Y108.9714
G1  X19.2144 Y109.9717
G4 P0.10000000149011612
M03 S80
G4 P0.10000000149011612
G1 F10000
G1  X18.4604 Y110.2256
G4 P0.10000000149011612
M05 S0
G4 P0.10000000149011612
G1 F10000.000000
G1  X20.2147 Y110.2256
G4 P0.10000000149011612
M03 S80
G4 P0.10000000149011612
G1 F10000
G1  X17.2142 Y110.4717
G4 P0.10000000149011612
M05 S0
G4 P0.10000000149011612
G1 F10000.000000
G1  X17.2142 Y110.2256
G1  X17.4683 Y110.2256
G1  X17.4683 Y110.4717
G1  X17.2142 Y110.4717
G4 P0.10000000149011612
M03 S80
G4 P0.10000000149011612
G1 F10000
G1  X16.9605 Y112.2260
G4 P0.10000000149011612
M05 S0
G4 P0.10000000149011612
G1 F10000.000000
G1  X16.4683 Y111.9720
G1  X15.7143 Y111.2258
G1  X14.9602 Y110.2256
G1  X14.2140 Y108.7175
G1  X13.4678 Y106.9712
G4 P0.10000000149011612
M03 S80
G4 P0.10000000149011612
G1 F10000
G1  X12.4677 Y105.4546
G4 P0.10000000149011612
M05 S0
G4 P0.10000000149011612
G1 F10000.000000
G1  X11.7136 Y105.2006
G1  X11.2135 Y104.7006
G1  X10.7134 Y103.9464
G1  X10.4674 Y103.4543
G1  X10.2133 Y102.4541
G1  X10.2133 Y101.4540
G1  X10.4674 Y100.6999
G1  X10.7134 Y100.4498
G1  X11.2135 Y100.1998
G1  X11.7136 Y100.1998
G1  X12.4677 Y100.4498
G1  X12.9598 Y100.9499
G1  X13.4678 Y101.7001
G1  X13.7139 Y102.2002
G1  X13.9599 Y103.2003
G1  X13.9599 Y104.2005
G1  X13.7139 Y104.9467
G1  X13.4678 Y105.2006
G1  X12.9598 Y105.4546
G1  X12.4677 Y105.4546
G1  X11.9597 Y104.9467
G1  X11.9597 Y104.2005
G1  X12.2137 Y103.4543
G1  X12.7137 Y102.7002
G1  X13.2138 Y102.2002
G1  X13.9599 Y101.7001
G1  X14.4680 Y101.4540
G4 P0.10000000149011612
M03 S80
G4 P0.10000000149011612
G1 F10000
G1  X14.7178 Y101.4540
G4 P0.10000000149011612
M05 S0
G4 P0.10000000149011612
G1 F10000.000000
G1  X15.2179 Y102.4541
G1  X14.7178 Y100.9499
G1  X14.7178 Y100.4498
G1  X14.9678 Y100.1998
G1  X15.4680 Y100.1998
G1  X15.9681 Y100.4498
G1  X16.4681 Y100.9499
G1  X16.9682 Y101.7001
G4 P0.10000000149011612
M03 S80
G4 P0.10000000149011612
G1 F10000
G1  X17.2143 Y102.4541
G4 P0.10000000149011612
M05 S0
G4 P0.10000000149011612
G1 F10000.000000
G1  X16.7221 Y100.9499
G1  X16.7221 Y100.4498
G1  X16.9682 Y100.1998
G1  X17.2143 Y100.1998
G1  X17.7223 Y100.4498
G1  X17.9684 Y100.6999
G1  X18.4685 Y101.4540
G4 P0.10000000149011612
M03 S80
G4 P0.10000000149011612
G1 F10000
G1  X18.4643 Y101.4540
G4 P0.10000000149011612
M05 S0
G4 P0.10000000149011612
G1 F10000.000000
G1  X18.9644 Y102.2002
G1  X19.2144 Y102.7002
G1  X19.2144 Y102.2002
G1  X19.9606 Y102.2002
G1  X20.2147 Y101.9461
G1  X20.2147 Y101.4540
G1  X19.9606 Y100.6999
G1  X19.9606 Y100.4498
G1  X20.2147 Y100.1998
G1  X20.4686 Y100.1998
G1  X20.9608 Y100.4498
G1  X21.2148 Y100.6999
G1  X21.7148 Y101.4540
G4 P0.10000000149011612
M03 S80
G4 P0.10000000149011612
G1 F10000
G1  X17.2143 Y95.6828
G4 P0.10000000149011612
M05 S0
G4 P0.10000000149011612
G1 F10000.000000
G1  X16.7221 Y94.1786
G1  X16.7221 Y93.6785
G1  X16.9682 Y93.4284
G1  X17.2143 Y93.4284
G1  X17.7223 Y93.6785
G1  X17.9684 Y93.9285
G1  X18.4685 Y94.6826
G4 P0.10000000149011612
M03 S80
G4 P0.10000000149011612
G1 F10000
G1  X18.4643 Y94.6826
G4 P0.10000000149011612
M05 S0
G4 P0.10000000149011612
G1 F10000.000000
G1  X18.9644 Y95.4288
G1  X19.2144 Y95.9288
G1  X19.2144 Y95.4288
G1  X19.9606 Y95.4288
G1  X20.2147 Y95.1748
G1  X20.2147 Y94.6826
G1  X19.9606 Y93.9285
G1  X19.9606 Y93.6785
G1  X20.2147 Y93.4284
G1  X20.4686 Y93.4284
G1  X20.9608 Y93.6785
G1  X21.2148 Y93.9285
G1  X21.7148 Y94.6826
G4 P0.10000000149011612
M03 S80
G4 P0.10000000149011612
G1 F10000
G1  X14.7178 Y94.6826
G4 P0.10000000149011612
M05 S0
G4 P0.10000000149011612
G1 F10000.000000
G1  X15.2179 Y95.6828
G1  X14.7178 Y94.1786
G1  X14.7178 Y93.6785
G1  X14.9678 Y93.4284
G1  X15.4680 Y93.4284
G1  X15.9681 Y93.6785
G1  X16.4681 Y94.1786
G1  X16.9682 Y94.9287
G4 P0.10000000149011612
M03 S80
G4 P0.10000000149011612
G1 F10000
G1  X12.4677 Y98.6833
G4 P0.10000000149011612
M05 S0
G4 P0.10000000149011612
G1 F10000.000000
G1  X11.7136 Y98.4293
G1  X11.2135 Y97.9292
G1  X10.7134 Y97.1751
G1  X10.4674 Y96.6830
G1  X10.2133 Y95.6828
G1  X10.2133 Y94.6826
G1  X10.4674 Y93.9285
G1  X10.7134 Y93.6785
G1  X11.2135 Y93.4284
G1  X11.7136 Y93.4284
G1  X12.4677 Y93.6785
G1  X12.9598 Y94.1786
G1  X13.4678 Y94.9287
G1  X13.7139 Y95.4288
G1  X13.9599 Y96.4290
G1  X13.9599 Y97.4291
G1  X13.7139 Y98.1753
G1  X13.4678 Y98.4293
G1  X12.9598 Y98.6833
G1  X12.4677 Y98.6833
G1  X11.9597 Y98.1753
G1  X11.9597 Y97.4291
G1  X12.2137 Y96.6830
G1  X12.7137 Y95.9288
G1  X13.2138 Y95.4288
G1  X13.9599 Y94.9287
G1  X14.4680 Y94.6826
G4 P0.10000000149011612
M03 S80
G4 P0.10000000149011612
G1 F10000
G1  X11.2135 Y90.1577
G4 P0.10000000149011612
M05 S0
G4 P0.10000000149011612
G1 F10000.000000
G1  X10.7134 Y90.4038
G1  X10.4674 Y90.9118
G1  X10.4674 Y91.1579
G1  X10.7134 Y91.6580
G1  X11.2135 Y91.9119
G1  X11.4675 Y91.9119
G1  X11.9597 Y91.6580
G1  X12.2137 Y91.1579
G1  X12.2137 Y90.6577
G1  X11.9597 Y89.6576
G1  X11.4675 Y88.1573
G1  X10.9595 Y87.1572
G1  X10.4674 Y86.6572
G1  X9.9633 Y86.6572
G1  X9.7132 Y86.9072
G1  X9.7132 Y87.4072
G4 P0.10000000149011612
M03 S80
G4 P0.10000000149011612
G1 F10000
G1  X11.2135 Y88.9115
G4 P0.10000000149011612
M05 S0
G4 P0.10000000149011612
G1 F10000.000000
G1  X13.4678 Y89.6576
G1  X13.9599 Y89.9116
G1  X14.7141 Y90.4038
G1  X15.2141 Y90.9118
G1  X15.4682 Y91.4039
G1  X15.4682 Y91.6580
G1  X15.2141 Y91.9119
G1  X14.9602 Y91.9119
G1  X14.4680 Y91.4039
G1  X13.9599 Y90.4038
G1  X13.4678 Y88.9115
G1  X13.2138 Y87.6573
G1  X13.2138 Y86.9072
G1  X13.4678 Y86.6572
G1  X13.7139 Y86.6572
G1  X14.2140 Y86.9072
G1  X14.4680 Y87.1572
G1  X14.9602 Y87.9113
G4 P0.10000000149011612
M03 S80
G4 P0.10000000149011612
G1 F10000
G1  X16.4641 Y108.2253
G4 P0.10000000149011612
M05 S0
G4 P0.10000000149011612
G1 F10000.000000
G1  X16.9642 Y109.2255
G1  X16.4641 Y107.7213
G1  X16.4641 Y107.2212
G1  X16.7141 Y106.9712
G1  X16.9642 Y106.9712
G1  X17.4683 Y107.2212
G1  X17.7142 Y107.4712
G1  X18.2144 Y108.2253
G4 P0.10000000149011612
M03 S80
G4 P0.10000000149011612
G1 F10000
G1  X13.9599 Y112.2260
G4 P0.10000000149011612
M05 S0
G4 P0.10000000149011612
G1 F10000.000000
G1  X13.4678 Y106.9712
G4 P0.10000000149011612
M03 S80
G4 P0.10000000149011612
G1 F10000
G1  X10.7134 Y110.4717
G4 P0.10000000149011612
M05 S0
G4 P0.10000000149011612
G1 F10000.000000
G1  X10.2133 Y110.7178
G1  X9.9633 Y111.2258
G1  X9.9633 Y111.4718
G1  X10.2133 Y111.9720
G1  X10.7134 Y112.2260
G1  X10.9595 Y112.2260
G1  X11.4675 Y111.9720
G1  X11.7136 Y111.4718
G1  X11.7136 Y110.7178
G1  X11.4675 Y106.9712
G4 P0.10000000149011612
M03 S80
G4 P0.10000000149011612
G1 F10000
G1  X13.9599 Y112.2260
G4 P0.10000000149011612
M05 S0
G4 P0.10000000149011612
G1 F10000.000000
G1  X11.4675 Y106.9712
G4 P0.10000000149011612
M03 S80
G4 P0.10000000149011612
G1 F10000
G1  X15.7140 Y114.2425
G4 P0.10000000149011612
M05 S0
G4 P0.10000000149011612
G1 F10000.000000
G1  X16.2141 Y114.4927
G1  X16.4681 Y114.7427
G1  X16.7141 Y115.2428
G1  X16.7141 Y115.7428
G1  X16.4681 Y115.9968
G1  X16.2141 Y115.9968
G1  X15.7140 Y115.7428
G1  X15.4640 Y115.2428
G1  X15.4640 Y114.4927
G1  X15.7140 Y113.9925
G1  X16.2141 Y113.7425
G1  X16.7141 Y113.7425
G1  X17.2143 Y113.9925
G1  X17.4683 Y114.2425
G1  X17.9604 Y114.9967
G4 P0.10000000149011612
M03 S80
G4 P0.10000000149011612
G1 F10000
G1  X11.2135 Y115.9968
G4 P0.10000000149011612
M05 S0
G4 P0.10000000149011612
G1 F10000.000000
G1  X13.4678 Y116.7429
G1  X13.9599 Y116.9970
G1  X14.7141 Y117.4891
G1  X15.2141 Y117.9971
G1  X15.4682 Y118.4893
G1  X15.4682 Y118.7433
G1  X15.2141 Y118.9973
G1  X14.9602 Y118.9973
G1  X14.4680 Y118.4893
G1  X13.9599 Y117.4891
G1  X13.4678 Y115.9968
G1  X13.2138 Y114.7427
G1  X13.2138 Y113.9925
G1  X13.4678 Y113.7425
G1  X13.7139 Y113.7425
G1  X14.2140 Y113.9925
G1  X14.4680 Y114.2425
G1  X14.9602 Y114.9967
G4 P0.10000000149011612
M03 S80
G4 P0.10000000149011612
G1 F10000
G1  X11.2135 Y117.2431
G4 P0.10000000149011612
M05 S0
G4 P0.10000000149011612
G1 F10000.000000
G1  X10.7134 Y117.4891
G1  X10.4674 Y117.9971
G1  X10.4674 Y118.2432
G1  X10.7134 Y118.7433
G1  X11.2135 Y118.9973
G1  X11.4675 Y118.9973
G1  X11.9597 Y118.7433
G1  X12.2137 Y118.2432
G1  X12.2137 Y117.7432
G1  X11.9597 Y116.7429
G1  X11.4675 Y115.2428
G1  X10.9595 Y114.2425
G1  X10.4674 Y113.7425
G1  X9.9633 Y113.7425
G1  X9.7132 Y113.9925
G1  X9.7132 Y114.4927
G4 P0.10000000149011612
M03 S80
G4 P0.10000000149011612
G1 F10000
G1  X10.4674 Y125.5388
G4 P0.10000000149011612
M05 S0
G4 P0.10000000149011612
G1 F10000.000000
G1  X12.2137 Y125.5388
G4 P0.10000000149011612
M03 S80
G4 P0.10000000149011612
G1 F10000
G1  X10.7134 Y133.5401
G4 P0.10000000149011612
M05 S0
G4 P0.10000000149011612
G1 F10000.000000
G1  X10.7134 Y125.5388
G4 P0.10000000149011612
M03 S80
G4 P0.10000000149011612
G1 F10000
G1  X10.4674 Y133.5401
G4 P0.10000000149011612
M05 S0
G4 P0.10000000149011612
G1 F10000.000000
G1  X12.2137 Y133.5401
G4 P0.10000000149011612
M03 S80
G4 P0.10000000149011612
G1 F10000
G1  X10.4674 Y133.5401
G4 P0.10000000149011612
M05 S0
G4 P0.10000000149011612
G1 F10000.000000
G1  X10.4674 Y125.5388
G4 P0.10000000149011612
M03 S80
G4 P0.10000000149011612
G1 F10000
G1  X31.9621 Y122.7682
G4 P0.10000000149011612
M05 S0
G4 P0.10000000149011612
G1 F10000.000000
G1  X31.4700 Y122.7682
G1  X30.9659 Y122.5142
G1  X30.7159 Y122.2601
G1  X30.4658 Y121.7680
G1  X30.4658 Y121.2639
G1  X30.7159 Y120.7639
G1  X31.2159 Y120.5138
G1  X31.7160 Y120.5138
G1  X32.2162 Y120.7639
G1  X32.4701 Y121.0139
G1  X32.7162 Y121.5140
G1  X32.7162 Y122.0141
G1  X32.4701 Y122.5142
G1  X31.9621 Y122.7682
G1  X31.7160 Y122.5142
G1  X31.7160 Y122.0141
G1  X31.9621 Y121.5140
G1  X32.4701 Y121.2639
G1  X33.2163 Y121.2639
G1  X33.7163 Y121.5140
G1  X33.9624 Y121.7680
G4 P0.10000000149011612
M03 S80
G4 P0.10000000149011612
G1 F10000
G1  X35.7086 Y133.5401
G4 P0.10000000149011612
M05 S0
G4 P0.10000000149011612
G1 F10000.000000
G1  X37.4549 Y133.5401
G4 P0.10000000149011612
M03 S80
G4 P0.10000000149011612
G1 F10000
G1  X37.4549 Y133.5401
G4 P0.10000000149011612
M05 S0
G4 P0.10000000149011612
G1 F10000.000000
G1  X37.4549 Y125.5388
G4 P0.10000000149011612
M03 S80
G4 P0.10000000149011612
G1 F10000
G1  X37.2088 Y133.5401
G4 P0.10000000149011612
M05 S0
G4 P0.10000000149011612
G1 F10000.000000
G1  X37.2088 Y125.5388
G4 P0.10000000149011612
M03 S80
G4 P0.10000000149011612
G1 F10000
G1 X0.0000 Y0.0000

